Patient	1	2	3	4	5	6	7	8	9	10	11	12	13	14	15	16	17	18	19	20	21	22	23	24	25	26	27	28	29	30	31	32	33	34	35	36	37	38	39	40	41	42	43	44	45	46	47	48	49	50	51	52	53	54	55	56	57	58	59	60
	1	1	1	1	1	1	1	1	1	1	1	1	1	1	1	1	1	1	1	1	1	1	1	1	1	1	1	1	1	1	1	1	1	1	1	1	1	1	1	1	1	1	1	1	1	1	0	0	0	0	0	0	0	0	0	0	0	0	0	0
X85750_at	6.57	7.01	9.38	8.26	8.71	8.07	6.39	8.96	6.77	7.81	3.17	10.76	7.14	9.77	8.28	6.44	8.26	6.88	6.81	9.76	1	10.68	8.58	9.38	6.77	8.54	9.11	10.62	8.45	9.83	5.67	8.17	7.6	8.29	8.44	6.52	8.22	6.63	9.01	10.17	8.15	10.44	6.75	6.7	10.75	11.75	6.85	11.67	6.61	6.58	1	1	6.99	1	1	5.21	1	11.4	1	9.14
U63842_at	4.32	9.7	9.9	10.54	1	7.55	11.17	11	8.38	7.6	7.53	9.93	8.71	11.05	1	8.26	13.69	7.49	11.95	8.68	8.42	12.58	12.84	12.56	8.04	11.16	10.48	11.77	12.15	10.01	11.99	13.2	11.67	12.34	6.38	11.65	9.3	8.32	12.09	12.9	8.24	11.48	11.24	8.25	12.66	13.93	1	13.51	7.64	6.81	8.67	5.81	1	1	1	9.13	1	11.59	8.72	10.42
HG880-HT880_at	7.41	1	9.33	1	1	6.25	1	9.61	8.25	1	1	1	8.12	6.38	9.85	7.03	9.66	9.83	9.03	7.6	11.09	9.63	9.98	10.96	7.03	8.52	7.52	1	10.07	11.17	8.32	9.27	8.05	8.96	9.66	8.95	9.36	10.34	6.17	6.93	1	7.95	1	1	1	1	1	1	1	1	1	1	1	1	7.92	1	1	1	8.56	9.08
U39840_at	6.07	5.43	2.58	5.13	1	6.17	3.91	5.17	4.46	1	5.17	6.55	1	7.3	5.91	7.99	5.98	7.65	7.09	7.6	8.02	4.7	1	4.39	1	8.44	1	1	6.32	7.08	1	6.85	6.21	5.52	5.98	8.57	7.21	1	6.49	8.35	6.46	8.44	5.83	4.09	6.49	6.04	1	1	5.55	1	1	5.64	4.58	8.07	1	1	1	1	2.58	1
L28997_at	7.49	7.47	7.17	7.72	8.19	6.52	4.58	8.65	6.81	6.7	6	7.77	4.86	7.64	6.69	7.19	7.67	7.97	8.07	8.41	8.88	6.46	3.32	8.14	6.44	8.82	7.96	8.79	8.36	8.4	7.94	7.64	7.67	7.22	8.73	7.7	8.02	5.93	6.77	8.82	7.28	7.88	8.26	7.86	7.23	8.59	6.75	8.29	7.09	7.13	6.89	3.32	3.32	1	1	7.58	8.46	7.03	5.81	6.09
X12791_at	8.58	9.45	8.35	8.65	5.25	8.43	8.12	9.58	9.43	7.17	8.98	8.66	8.58	8.82	8.95	8.43	9.89	8.55	9.14	9.94	9.31	8.97	9.61	9.61	9.06	9.22	8.8	9.63	8.79	9.47	8.34	7.79	8.55	8.04	9.74	9.14	10.12	7.97	9.49	10.17	8.63	8.75	8.04	8.27	8.76	9.99	6.63	9.42	8.46	6.88	5.58	8.44	1	1	7.49	9.5	8.7	10.13	8.07	8.47
L10955_cds1_s_at	8.16	1	1	8.84	1	1	10.21	9.07	5.7	3.32	1	9.27	1	5.86	1	1	12.21	9.88	8.72	7.42	1	11.31	13.23	12.42	6.52	7.48	6.66	10.6	11	6.79	1	11.73	6.04	12.37	6.61	8.36	10.02	1	9.37	10.46	1	6.66	1	1	10.91	13.15	1	11.21	7.64	1	1	1	1	1	1	1	1	1	1	8.16
M87503_at	9.8	9.66	8.75	8.37	10.01	8.55	9.27	9.36	9.33	7.69	8.41	10.01	8.01	9.83	8.45	9.66	8.96	9.69	8.86	9.39	12.32	9.91	10.8	11.04	9.66	9.34	8.29	10.14	9	9.17	8.52	9.12	9.08	9.49	10.49	9.36	10.48	8.75	10.41	10.19	10.08	10.43	7.51	8.99	9.74	9.87	5.04	9.87	9.49	7.01	9.72	8.6	1	1	7.83	9.4	8.89	9.46	9.72	9.85
U15637_s_at	8.38	8.86	9.07	8.57	9.03	7.3	8.95	9.37	8.56	6.66	9.08	8.58	8.34	8.46	9.14	8.77	10.04	9.38	8.47	8.86	9.37	9.35	10.17	10.09	8.65	8.5	7.27	9.65	8.46	9.03	8.72	7.69	7.55	9.04	8.7	8.93	9.36	8.89	8.52	9.63	8.06	9.16	8.38	8.12	8.6	8.03	1	9.34	8.18	7.84	7.09	7.36	6.93	1	7.8	9.02	9.28	7.54	8.53	9.03
U40990_at	7.62	8.17	8.28	8.88	8.97	5.43	7.06	9.28	8.55	6	8.87	8.3	8.94	7.54	9.17	8.75	9.81	8.69	9.12	9.24	9.67	8.45	9.54	10.13	8.33	8.6	7.79	9.85	7.32	9.6	7.79	9.18	8.98	9.3	8.02	8.99	9.42	9.46	8.29	7.87	8.6	8.73	8.19	7.85	8.29	9.32	8.02	9.16	8.44	6.78	6.91	8.05	7.83	1	6.36	6.07	10.12	1	8.15	8.63
M28882_s_at	9.69	9.55	10.13	10.33	11.11	8.64	8.59	11.37	9.97	7.55	9.57	9.78	9.32	10.33	8.31	9.48	10.14	11.4	8.91	10.11	9.56	10.21	10.7	10.24	9.19	9.16	7.42	9.31	8.96	9.76	8.64	10.68	9.82	9.18	11.69	9.12	9.59	8.03	9.27	10.91	8.21	10.19	7.16	9.05	9.93	9.69	1	9.78	9.35	7.81	8.76	7.89	7.71	1	8.34	9.52	8.99	10.1	9.42	9.39
U51095_at	1	4.52	3.7	1	1	3.32	1	7.23	1	6.58	7.06	5.46	6.69	5.43	1	1	1	7.26	6.34	3.91	8.16	2.58	1	8.64	7.69	4.91	1	8.83	1	7.4	1	1	1	1	1	4.86	6.6	5.21	6.64	1	4.64	6.89	5.25	4.46	1	1	1	1	1	1	4.46	1	1	1	1	1	1	1	3.81	1
Z97074_at	7.77	7.69	8.5	8.31	8.25	8.29	8.93	9.12	8.38	8.76	8.69	9.51	8.57	8.64	9.3	6.86	9.2	9.03	8.78	7.85	9.05	8.57	8.01	9.87	3.58	8.8	8.5	9.76	8.34	7.89	7.6	8.06	8.37	8.64	7.77	8.46	9.4	6.36	9.35	8.26	8.32	9.24	7.97	7.48	8.57	8.36	7.99	9.96	7	6.38	8.52	8.06	1	1	6.66	8.26	7.78	8.87	1	9.25
K02100_at	5.17	4.91	6.67	1	7.3	1	5.83	6.64	4.81	1	6.51	4.52	5.21	6.55	7.5	7.43	5.61	7.71	5.04	1	1	7.64	1	7.94	6.38	5.09	1	1	1	5.86	5.39	1	5.55	6.75	5.91	4.32	7.12	1	5.88	8.2	7.58	7.38	1	3.91	5.67	7.81	1.58	1	1	1	2.58	2.81	1	1	5.43	7.26	1	1	4.09	3.91
X84213_s_at	8.03	9.07	9.36	7.97	10.82	7.02	8.99	9.63	7.07	6.49	9.39	6.3	7.8	6.07	8.42	1	10.08	9.68	8.53	5.83	8.19	7.29	9.3	10.66	9.45	7.16	8.03	12	9.58	7.97	9.1	9.31	9.08	9.64	5.67	9.56	9	9.05	8.01	1	7.75	9.63	9.01	7.07	6.87	1	7.81	1	3	8.35	9.1	6.95	1	10.33	1	7.31	1	1	9.11	8.79
X79865_at	9.03	6.44	9.79	6.21	6.46	8.76	9.37	9.33	8.45	6.77	8.52	9.56	8.22	8.32	8.42	7.29	9.04	8.13	8.76	8.26	9.94	9.58	10.41	7.85	8.38	9.2	9.08	1	10.07	8.42	9.33	9.65	8.37	9.31	8.5	9.25	4.75	8.3	8.72	9.04	8.69	8.58	9.32	8.89	7.76	10.34	1	10.46	8.63	7.95	7.43	8.38	7.42	1	1	7.79	1	8.29	8.33	9.46
M28879_at	7.03	7.08	4.95	7.54	7.47	6.88	6.67	8.05	6.02	4.7	6.39	5.98	7.29	5.29	6.57	7.1	8.06	5.81	6.07	6.78	5.91	7.54	8.91	6.19	6.71	7.33	6.75	9.67	7.64	8.34	6.74	6.25	7.28	8.24	7.43	6.02	8.29	5.46	7.14	1	7.14	1	1	6.07	7.43	7.9	5.29	1	7.23	6.43	6.49	7.26	6.69	8.62	1	1	1	1	6.34	3.58
X54131_at	5.29	1	5.88	7.77	1	5.64	1	6.32	1	4	1	5.58	1	4.95	1	1	7.72	1	1	5.67	7.19	8.52	4	7.39	1	6.57	6.07	1	8.46	6.91	1	9.3	5.21	6.6	4.7	6.89	7.88	1	5.58	7.92	1	8.09	5.36	1	7.36	6.32	1	1	1	1	3.46	1	1	1	1	1	1	1	7.12	6.97
M86808_at	5.58	4.32	3.91	5.58	1	1	5.67	7.99	4.86	2.32	1	1.58	2.81	5	5.67	4.17	5.7	7.63	1	5.83	6.66	5.17	8.01	5.98	5	6.63	6.99	8.65	5	6.58	6.17	4.75	1	5.13	2.81	1	8.4	5.21	3.7	4.17	4.32	6.67	1	4.75	6.19	1	1	1	5.13	4.75	2.58	4.7	1	3	3.91	1	1	1	5.09	1
M37271_s_at	8.43	8.79	8.58	8.53	7.75	7.28	8.23	9.43	8.71	7.71	8.8	8.33	8.71	8.08	7.75	7.79	9	9.54	8.49	8.55	9.44	8.38	10.1	9.45	8.14	8.34	8.71	9.1	9.01	9.62	8.44	9.6	8.23	8.85	8.13	8.96	9.53	8.03	9.27	3.46	8.45	8.3	8.41	8.27	8.28	1	1	6.67	7.89	7.11	8.73	8.16	1	1	7.85	9.32	8.84	5.46	8.94	8.78
K03218_at	6.88	6.09	1	7.77	1	6.64	6.89	9.26	1	1	7.87	7.74	1	7.04	5.43	7.55	1	1	5.83	8.1	1	3.17	9.45	7.34	6.3	6.43	5.09	1	8.56	8.93	1	9.18	7.98	8.38	7.23	8.4	8.7	8.54	1	8.34	6.64	8.12	8.28	7.65	6.6	8.68	1	8.72	7.38	6.34	1	7.24	1	1	1	6.46	1	1	1	1
U22961_s_at	5.21	6.17	2.58	7.71	7.06	5.95	6.27	3.7	1	5.25	5.32	1	4.86	6.74	6.11	7.09	6.71	7.69	6.98	3.91	1	1	1	7.71	1	1	4.32	7.65	1	5.73	1	6.21	6.66	1	4.75	5.73	6.48	6.23	5.98	1	1	7.2	5.29	5.58	6.3	1	1	1	3.7	3.7	6.61	1	1	1	1	5.13	1	1	5.25	1
Z19585_at	1	1	5.04	7.45	1	1	9.67	5.91	1	6.17	1	3.7	5.55	4.39	4.09	1	9.59	5.64	6.46	6.13	10.45	7.46	1	9.93	1	9.69	9.86	1	8.91	6.73	1	9.78	10.54	9.02	6.6	6.71	10.61	8.04	1	9.87	6.54	10.4	6.02	1	8.71	9.21	4.7	1	7.33	1	1	5.43	6.73	1	1	7.55	1	1	1	1
U27109_at	4.75	6.54	4.46	1	2.58	5.09	5.78	1	5.04	3.46	5.04	5.73	5.39	6.17	6.43	6.58	1	4.32	1	6.67	1	1	4.75	6.19	1	1	6	4.39	5.58	1	1	7.69	3.46	1	6.57	3	6.83	1	6.32	6	5.61	1	4.75	5.36	5.32	6.82	1	3.81	5.21	1	2	1	1	1	1	4.46	1	1	3	4.64
M76482_at	6.48	7.48	2	5.58	8.77	5.52	6.98	7.83	5.95	5.78	6.58	6.23	7.58	6.46	6.61	7.54	8.5	7.75	6.75	4.86	8.52	7.32	8.29	8.58	6.83	6.77	6.73	8.79	6.32	9.12	5.32	6.73	6.86	7.5	7.15	7.31	8.33	1	7.79	7.99	6.63	7.77	7.34	6.54	7.53	8.14	6.75	7.29	6.23	4.58	6.07	6.34	1	1	6.04	7.44	4.17	2	7.49	7.43
U79259_at	7.94	9.09	9.48	10	1	8.61	11.09	11.33	8.68	7.35	9.66	8.95	11.38	9.32	9.7	6.91	11.8	10.68	9.76	9.93	9.64	10.18	12.17	11.62	9.29	9	9.51	10.58	11.34	9.54	9.42	12	9.55	11.29	9.33	9.69	11.25	10.13	10.68	9.38	10.4	10.92	7.17	9.56	11.14	11.04	4.7	11.4	9.28	8.93	10.55	9.31	1	1	4.52	9.33	9.04	9.17	9.64	10.2
Z75190_s_at	6.46	4	6.04	6.36	6.66	7.09	8.69	8.92	6.66	6.46	2.32	7.55	7.9	9.82	7.88	6.52	10.04	9.08	9.43	8.97	9.2	9.6	9.23	9.02	2.81	10.17	7.76	1	9.65	8.65	9.71	8.26	8.65	10.4	6.97	9.79	9.81	6.77	7.39	11.05	5.67	10.65	10.21	6.67	10.1	9.98	5.39	9.92	7.27	6.94	6.25	1	1	8.39	1	7.69	1	10.07	7.33	7.23
M25393_at	4.17	1	1	6.63	6.25	5.04	1	1	5.25	1	5.21	5.04	6.15	1	4.95	6.71	1	5.46	1	7.55	6.19	4.46	1	6.71	1	4.86	1	6.39	6.73	7.13	1	1	3.7	5.04	5.52	1	6.94	6.3	5.67	5.36	5.7	4.7	4.39	4.91	6.02	7.15	1	3.17	5.78	4.91	1	6.19	1	1	1	1	1	2.81	1	1
D86988_at	9.53	9.64	9.14	9.72	8.55	9.39	9.45	10.74	10.01	8.71	9.73	10.26	9.95	10.26	10.29	9	10.79	11.05	9.76	10.86	10.08	10.57	11.34	10.52	9.1	10.3	8.26	10.57	10.76	10.83	10.33	10.88	10.26	10.7	10.53	10.05	11.02	8.34	10.25	10.99	10.78	10.58	9.3	9.68	10.23	11.04	6.75	11.43	10.02	8.85	9.93	9.34	3	1	9.17	10.62	8.88	10.64	10.39	10.31
L36922_at	8.11	9.36	8.65	7.04	1	6.41	7.83	9.51	8.72	6.93	7.85	8.65	7.6	9.4	9.3	8.95	9.18	8.69	6.88	9.86	9.66	9.59	9.08	8.46	7.85	8.48	7.61	6.39	8.51	10.19	7.48	9	7.36	8.93	9.1	8.52	9.17	10.04	8.36	9.95	9.52	9.4	7.48	8.78	8.65	7.77	1	10.41	8.75	7.96	7.68	7.97	1	1	8.13	9.63	1	8.34	8.86	8.92
U32315_at	5.09	1	5.83	5.93	1	3.46	6.54	6.95	1	6.38	5.58	9.29	7.41	8.07	1	1	6.13	1	5.29	5.55	7.67	8.05	6.61	3.91	5.25	8.81	7.01	8.65	7.46	6.58	7.42	5.55	7.56	7.73	9.84	7.51	7.24	1	7.77	10.69	1	8.86	7	7.43	9.69	8.8	5.17	10.27	1	3.58	1	5.93	1	1	1	1	1	8.2	4.32	6.77
X06956_at	5.46	1	6.46	1	1	5.61	3.46	8.44	1	6.17	3.7	6.99	1	7.68	7.77	5.88	1	5.13	4.95	7.38	9.3	8.31	1	7.78	1	8.28	5.83	6.99	6.04	1	1	8.24	7.31	1	7.55	7.2	8.8	1	6.61	8.64	7.09	7.55	6.57	6.36	6.88	7.22	1	1	8.11	2.81	6.07	1	1	1	1	6.49	1	3.81	6.46	1
X13967_at	8.19	8.71	8.43	8.81	4.95	7.22	8.16	9.57	8.63	6.3	8.24	8.07	8.37	8.15	8.94	8.6	9.28	8.61	7.69	5.55	8.52	9.02	9.78	9.45	7.57	8.76	7.97	9.1	8.58	10.11	8.44	9.42	8.95	8.74	8.12	8.46	8.93	10.24	8.99	9.02	7.89	8.86	8.26	8.07	8.12	8.55	4.86	9.01	8.68	6.99	8.21	7.33	1	1	8.76	8.69	8.09	7.73	9.03	8.48
X68505_s_at	1	6.57	1	1	1	1	1	1	1	5.29	1	5.21	1	1	1	3.46	4.95	4.86	1	7.03	1	5.78	1	7.14	1	1	1	8.65	7.22	1	1	1	1	3.7	5.61	5.52	4.46	4.75	4.17	5.17	6.17	6.55	1	1	6.61	7.27	1	1	5	1	1	1	1	1	1	1	1	1	1	1
J04605_at	8.61	7.58	8.48	7.57	6.66	7.89	8.08	9.19	5.67	6.49	8.1	7.96	8.4	8.86	8.15	7.23	8.45	9.08	8.72	8.37	9.36	9.04	9.22	9.77	4.81	8.17	6.78	10.05	8.5	9.84	7.36	9.12	8.5	9.04	8.61	8.43	9.32	8.55	9.54	8.71	8.72	9.88	7.92	7.2	7.69	9.08	1	9.08	7.09	6.29	7.75	8.71	6.34	7.23	1	7.33	8.96	7.71	7.91	9.76
X91196_s_at	1	7.51	5.39	1	7.25	5.73	1	4.7	6.58	1	5.64	6.25	5.93	7.01	4.32	7.52	5.13	7.06	4.52	7.14	6.04	7.13	5.61	7.03	6.49	4.46	1	6.57	6.73	6.44	1	8.18	1	3.46	7.28	6.13	7.31	3.7	1	7.4	6.25	6.38	3.58	6.7	6.6	7.11	1	7.58	5	4.75	5.61	1	7.02	1	1	7.38	1	1	1	1
U50079_s_at	9	8.89	8.44	9.37	8.99	9.33	8.43	9.48	9.31	8.04	8.93	9.08	9.19	9.73	9.02	9.32	8.01	8.67	8.54	9.47	9.54	9.45	9.27	10.43	9.53	8.43	7.89	10.12	9.16	9.57	7	9.97	8.66	9.08	9.82	9.16	10.57	10.04	9.49	9.69	9.63	9.48	8.99	8.76	8.97	10.2	9.32	9.56	9.14	8.11	9.61	7.93	8.7	4	7.94	10.03	8.78	7.16	9.49	1
M32578_at	8.42	9.29	8.68	7.6	7.95	7.19	1	9.01	1	7.67	8.47	1	8.73	5.36	4.52	8.71	9.43	1	9.47	1	9.47	1	9.05	9.93	1	8.44	7.31	1	8.01	10.28	8.38	9.57	8.14	5.43	7.24	9.05	9.8	9.54	1	1	1	1	8.26	1	8.82	8.17	1	6.02	1	7.92	8.5	1	1	1	1	1	8.45	1	1	8.9
X17622_at	5.49	8.36	5.95	1	8.77	7.37	8.26	8.12	7.43	4.32	7.18	7.2	8.11	6.58	8.03	8.34	8.08	7.67	7.64	9.12	5.46	8.6	7.81	9.43	6.13	7.02	7.58	7.1	8.8	6.79	7.18	8.59	5.75	6.48	8.28	1	8.4	1	8.39	8.66	7.73	7.52	5.58	6.32	8.29	9.28	1	9.39	6.78	6.23	7.07	1	5.83	4	1	8.45	6.38	6.71	7.98	1
M63262_at	7.43	1	6.95	1	8.34	7.76	1	6.95	7.04	5.58	5.13	7.5	7.45	7.86	7.28	7.4	6.98	8.43	7.61	6.52	6.36	8.12	8.15	8.73	8.11	7.4	7.18	1	6.04	6.86	6	8.92	7.55	3.17	8.68	7.56	8.21	7.2	8.11	8.27	6.75	6.27	1	6.82	7.53	7.24	1	1	7.88	1	7.46	5.86	7.28	1	1	7.02	1	7.88	6.46	7.69
U27330_at	6.67	7.79	4.09	8.7	8.57	7.88	7.39	8.73	6.32	5.09	6.74	7.71	7.38	5.91	1	7.39	8.12	7.37	6.78	8.96	8.39	7.56	9.5	8.54	5.78	1	6.82	8.72	7.17	8.18	7	8.58	8.13	7.9	5.86	6.71	3.46	7.91	7.34	7.96	7.35	7.96	6.57	7.48	7.2	7.38	7.74	8.34	6.29	6.13	6.73	6.48	1	1	5.86	7.16	1	1	7.99	7.71
X02750_at	4.32	9.43	8.78	10.14	6.36	7.22	7.93	9.08	8.98	6.89	8.55	8.47	8.64	8.34	7.61	9.14	10.17	8.86	7.59	9.5	9.03	6.83	10.75	10.11	9.44	8.37	7.96	9.29	9.14	9.52	6.3	9.04	8.12	8.71	9.22	8.77	9.94	7.24	8.52	9.27	8.99	8.66	7.58	8.69	8.52	8.08	7.21	9.41	8.71	6.13	8.3	7.27	1	1	7.83	9.9	6.38	8.11	7.94	9.61
Z46632_at	6.63	6.64	7.94	1	6.91	5.91	1	8.84	6.09	6.94	1	4.25	7.37	7.87	4.81	1	1	1	1	7.63	1	1	7.45	7.88	1	1	7.56	8.4	7.58	8.83	1	1	6.3	5.88	1	1	7.12	8.36	7.77	1	2	7.52	5.29	6.39	1	1	1	1	5.21	1	1	6.46	1	8.19	1	1	1	1	1	1
M24485_s_at	12.45	9.48	13.49	11.9	1	11.09	11.36	12.31	11.66	10.6	11.78	12.72	11.49	12.06	9.95	9.11	11.24	11.44	11.95	10.42	11.79	10.35	11.72	11.85	11.56	12.11	11.97	9.74	10.85	12.06	11.22	12.3	11.21	11.35	11.4	12.16	12.31	11.32	11.95	12.05	12.11	11.82	11.67	11.78	12.22	10.01	1	12.35	10.84	10.29	11.19	11.67	1	1	10.62	12.01	11.76	11.94	11.14	11.38
U39318_at	9.76	8.81	9.77	8.4	8.25	9.93	9.46	10.26	10.47	8.66	8.99	10.2	10.15	10.29	10.46	10.26	10.02	10.45	9.37	10.93	9.13	9.89	9.54	9.95	9.67	9.38	9.34	7.3	9.86	10.12	9.3	9.26	9.06	10.35	10.82	9.31	8.97	8.74	9.8	10.75	10.72	10.13	9.35	9.7	10.38	9.92	5.52	11	10.41	9.23	9.64	9.05	9.4	1	1	10.15	9.08	9.54	10.2	9.83
U48707_at	7.38	1	1	5.75	6.57	9.18	1	7.81	1	6.07	1	1	5.39	1	4.32	1	9.08	8.33	7.11	1	4.81	8.23	7.98	2.32	1	5.21	4.52	1	8.48	10.25	7.79	9.65	1	8.01	1	6.7	9.74	5.58	7.86	1	1	1	4.39	1	1	7.41	1	1	1	1	1	5	1	1	5.29	1	1	1	1	9.24
U09414_at	7.01	8.31	6.39	7.38	8.52	6.85	7.61	7.74	7.56	6.66	7.38	7.57	8.47	7.58	8.46	8.24	8.37	8.28	7.02	9.51	7.95	8.13	8.18	7.71	7.96	6.83	8.11	8.36	7.41	7.36	6.67	9.03	7.23	8.55	8.32	7.44	8.3	1	8.99	8.88	8.72	8.65	5.49	7.49	8.64	9.61	8.3	8.85	7.1	4.39	7.81	7.44	1	3	1	8.45	8.31	7.5	8.26	5.98
Y08374_rna1_at	8.08	8.14	7.47	4.17	8.06	4.7	2	8.07	1	8.28	1	1	5.93	1	7.17	5.13	8.04	10.05	9.43	4.75	6.83	4	8.77	8.46	7.29	9.64	4.64	1	7.34	1	6.77	9.24	3.32	5.81	1	8.68	10.77	6.48	7.07	6.86	1	6.91	4.39	4.58	4.75	1	6.97	1	1	1	1	1	1	7.87	5.29	5.91	4.7	1	2.81	6.81
M95549_at	7.58	9.07	8.55	8.71	9.11	6.78	7.95	9.69	6.63	5.73	8.24	7.91	8.19	7.58	8.86	8.37	9.23	8.57	8.47	8.54	9.34	8.23	9.7	9.59	7.01	7.48	8.42	9.02	8.77	9.01	7.77	9.67	8.75	8.26	8.3	8.32	9.3	9.12	9.33	8.33	8.27	8.12	7.28	8.53	7.81	10.66	1	9.05	7.71	6.61	8.68	7.14	7.17	9.04	1	8.88	9.07	6	9.19	8.72
M28439_at	6	7.58	6.19	7.2	6.57	6.51	7.45	8.77	6.04	5.78	6.78	6.85	6.49	6.93	7.68	7.22	7.64	7.15	4.75	8.28	8.11	7.2	7.66	8.06	2.81	6.21	6.15	6.99	1	6.91	1	8.03	6.39	6.6	7.11	7.26	7.94	5.46	7.14	8.1	7.26	7.06	7.47	5.91	7.63	7.99	6.17	7.5	6.58	6.04	5.64	6.85	5.25	3	1	7.21	1	5.83	6.07	4.81
U31628_at	1	1	1	1	1	1	5.83	8.4	1	1	7.98	1	7.5	1	1	1	7.46	1	5.04	1	1	6.09	7.85	1	1	7.77	1	1	1	1	1	5.04	8.69	1	4	7.96	1	7.48	8.12	1	5.61	3	7.29	1	1	7.01	1	1	1	4.32	1	1	1	1	1	1	1	1	1	1
M60974_s_at	8.15	5.58	7.54	8.56	9.55	7.46	6.93	9.27	8.41	7.94	7.53	9.08	9.81	9.99	6.27	7.77	9.39	6.92	8.71	8.67	7.59	7.52	8.54	8.43	7.45	9.9	7.61	9.51	6.91	8.83	7.47	9.75	9.64	8.22	8.98	9.43	9.34	7.39	8.81	9.9	8.99	9.04	9.4	7.24	9.67	8.09	8.35	10.2	7.73	6.39	7.61	7.83	8.49	1	6.43	7.76	1	8.38	8.41	8.93
M91592_at	6	8.48	8.45	1.58	6.91	8.15	7.02	9.39	8.04	6.95	6.82	8.7	9.41	9.1	8.56	9.26	9.31	8.26	5.13	9.45	8.31	8.99	9.48	9.13	7.89	7.58	8.89	9.26	9.9	9.5	6.21	9.46	6.69	9.09	8.87	8.07	9.86	1	8.82	8.68	8.24	9.57	7.62	7.91	8.88	9.61	7.48	9.57	8.19	7.29	7.76	8.21	7.14	1	1	7.3	1	8.52	8.84	5.49
M65254_at	7.44	8.65	8.13	8.97	8.5	8.15	7.55	8.93	7.63	6.93	8.15	8.17	8.31	7.21	8.7	8.39	9.15	9.07	8.46	8.78	9.35	8.48	8.88	9.51	7.91	7.31	7.51	8.96	8.91	9.09	7.43	8.88	8.48	7.75	8.62	8.89	9.73	8.13	8.7	9.08	8.14	6.93	7.54	7.5	7.72	9.16	6.81	8.52	7.45	6.57	8.18	6.58	7.02	9.87	7.87	8.71	7.38	1	7.88	8.17
U88047_at	8.07	5.52	6.7	6.39	8.89	9.23	6	8.82	7.43	8.5	7.82	7.52	7.19	8.07	6.77	6.51	8.52	8.42	7.46	1	7.73	6.29	8.18	8.87	6.32	8.34	6.25	4.39	7.7	8.76	7.86	8.67	8.44	8.84	8.04	8.92	9.29	4.58	8.1	8.89	7.85	8.56	7.75	4.17	8.27	8.05	1	8.58	7.01	5	7.22	5.61	8.44	4.64	3.46	8	6.97	1	7.89	8.23
X77548_at	7.86	4.39	7.17	7.28	6.83	7.52	7.15	7.74	7.24	7.03	6.69	8.43	6.97	7.83	7.5	8.11	8.06	7.65	7.34	9.68	8.11	9.08	7.49	8.7	6.23	7.64	7.38	8.72	8.58	8.46	7.34	7.97	6.78	8.72	9.1	6.87	8.76	5.09	8.06	8.8	9.6	8.19	6.66	8.19	9.61	10.46	1	10.17	7.91	7.29	8.09	7.15	7.35	1	5.52	8.3	1	8.08	7.56	8.34
U39412_at	7.58	8.88	9.25	9.15	1	6.36	8.69	10.48	9.89	6.51	9.27	8.54	9.78	10.17	8.54	5.73	10.81	10.21	9.6	9.92	10.29	9.94	10.03	10.04	9.23	9.28	9.45	9.8	9.07	10.22	8.18	10.5	9.24	9.84	10.45	9.71	9.73	9.27	10.28	10.32	11.19	9.4	9.05	9.58	10.08	9.54	1	10.45	9.26	7.83	9.29	9.06	8.17	1	1	10.19	9.58	8.72	9.43	9.29
J03915_s_at	6.23	10.77	10.68	11.2	8.89	7.81	10.29	11.36	8.73	8.37	10.41	10.01	11.06	10.46	10.86	8.5	11.92	10.66	11.3	11.76	11.5	9.92	13.4	12.96	8.78	9.18	12	11.17	11.35	11.08	11.21	11.37	10.55	10.93	12.01	10.83	9.58	9.95	11.53	9.91	11.04	10.7	9.5	10.18	12.39	11.72	11.03	12.04	8.53	9.03	10.48	8.51	7.98	10.24	7.46	1	10.32	10.07	10.76	10.25
K02402_at	1	1	1	1	1	5.52	5.21	4	1	1	1	1	1	1	4.95	1.58	5.98	5.13	5.61	5.36	6.61	1	6.7	4.7	1	4.17	4.52	6.71	5	6.97	1	1	5.04	1	1	6	1	1	3.58	1	1	5.36	1	1	1	1	1	3.58	2.32	1	1	1	1	1	1	1	1	1	1	1
U38276_at	7.94	9.41	9.1	8.49	9.58	7.63	7.82	9.76	8.27	7.33	9.17	9.08	8.48	9.55	7.99	9.19	9.06	10.38	8.63	9.53	9.66	8.41	10.15	9.78	8.22	8.71	8.23	8.4	8.82	9.87	8.27	9.54	9.36	9.03	9.04	9.29	10.05	6.86	10.08	8.94	9.16	10.78	9.16	7.73	9.31	10.51	8.18	9.92	7.26	7.43	7.29	8.69	8.87	9.99	6.97	1	9.71	7.79	7.09	9.63
X74794_at	9.12	8.92	9.04	9.54	10.3	8.52	9.55	8.03	9.53	7.24	8.7	9.93	9.53	9.39	9.97	9.3	9.09	8.19	9.01	10.41	9.84	9.07	8.52	10.89	9.5	5.73	9.23	9.74	9.59	9.19	8.45	8.77	7.21	8.43	9.64	9.29	7.55	6.73	10.18	10.56	9.79	7.41	9.68	8.98	9.88	10.19	1	9.95	8.98	8.61	9.26	8.56	9.44	5.36	1	10.08	8.58	9.75	8.65	8.01
Y11710_rna1_at	7.98	9.47	9.52	9.49	7.19	8.45	8.17	10.08	8.27	7.48	8.89	7.79	9.13	8.71	9.34	8.92	9.19	9.55	9.19	8.83	9.94	9.37	10.35	10.15	7.58	8.43	8.51	10.63	8.56	10.46	7.51	10.28	8.76	8.91	9.04	9.24	10.46	8.77	9.64	10.2	8.94	8.04	8.72	7.92	8.87	9.45	6.97	9.25	7.74	7.81	8.38	7.67	8.38	1	8.83	9.26	10.66	6.07	8.37	9.52
X12447_at	12.1	11.83	13.13	12.77	11.85	12	13.2	13.85	12.98	11.94	12.39	12.81	13.68	12.91	11.5	11.42	14.52	13.36	11.92	12.49	13.02	12.99	13.57	13.14	10.81	12.44	12	12.11	12.98	13.71	11.58	13.68	12.89	12.6	12.98	12.3	13.6	11.61	12.96	12.55	12.41	12.96	11.6	11.17	13.56	13.69	11.05	13.09	11.57	11.99	12.27	11.47	10.87	13.14	10.25	11.37	10.38	13.37	11.75	12.51
M94065_at	6.6	7.4	6.73	7.77	7.67	4.7	7.29	8.46	5.93	4.75	6.98	7.8	7.22	6.87	8.07	7.85	7.67	7.73	1	8.17	8.61	7.9	8.86	7.75	6.94	6.78	6.41	6.21	7.11	4.58	4.25	8.64	6.07	6.7	7.71	7.03	8.68	7.85	7.71	4.46	7.93	7.6	6.09	7.02	7.51	6.61	1	1	7.29	6.39	6.91	7.34	2.32	7.58	6.6	1	8.07	6.29	7.57	7.1
Z23090_at	13.63	8.29	13.38	13.16	10.29	11.56	9.43	11.55	10.82	14.07	11.09	13.49	13.75	11.06	8.93	4.75	10.99	11.42	13.39	9.01	1	10.72	9.69	9.97	9.04	12.81	12.62	1	11.47	9.44	10.98	11.75	13.41	10.84	11.95	13.52	11.92	12.12	8.97	12.27	10.21	11.69	14.49	9.09	13.87	1	1	10.54	9.62	9.96	9.38	12.24	1	9.9	11.62	1	1	12.74	10.66	11.68
X64877_at	6.48	7.98	6.85	1	7.83	7.03	1	1	7.04	1	4.58	3.81	8.51	6.02	7.73	6.54	6.46	6.36	5.78	8.11	1	7.17	6.54	7.6	7.5	6.3	1	9.65	1	1	5.25	7.28	6.58	4.46	6.58	3.32	1	3.7	8.21	7.43	6.73	4	7.43	5.81	7.48	6.52	1	7.08	6.07	1	1	5.52	1	1	4.25	7.52	1	5.91	1	5.58
M55040_at	7.36	8.76	7.47	10.07	9.25	7.85	10.9	9.34	7.7	7.61	7.21	8	9.98	8.82	9.56	8.14	10.49	9.43	9.57	8.2	11.67	10.23	9.78	10.39	8.28	8.76	9.77	8.65	10.29	10.4	10.46	9.59	8.31	10.42	8.26	9.88	9.94	8.29	10.57	8.79	8.61	9.22	7.25	7.48	9.54	8.48	7.33	10.72	7.86	7.43	8.04	7.99	6.89	5.64	7.39	8.81	8.33	7.87	8.76	10.09
D25216_at	9.08	9.99	10.8	9.7	12.07	1	9.03	10.77	8.85	9.17	10.5	10.19	9.06	10.04	11.91	10.26	10.15	1	8.52	9.61	10.59	9.72	10.38	10.17	8.94	9.22	9.27	1	10.53	11.3	10.2	7.89	10.24	10.22	9.96	10.04	11.33	8.39	8.29	10.44	9.98	10.38	9.62	8.79	9.72	11.89	1	10.77	8.64	8.63	10.21	10.21	1	1	9.82	8.24	1	9.86	10.51	10.01
L38503_at	6.74	7.65	4.58	1	8.22	7.56	6.09	8.1	7.18	1	6.48	7.09	6.27	6.78	7.81	7.58	8.24	5.88	7.21	6.21	7.67	8.29	7.03	7.48	6.11	8.08	4.52	5.98	1	7.48	8.43	8.24	7.13	4.46	7.99	5.86	6.6	1	5.75	7.88	6.63	6.77	7.41	4.86	7.29	6.73	4	1	6.36	3.7	3.17	5.83	5.95	1	6.92	7.06	7.21	7.01	6.7	1
M14636_at	5.83	3	1	1	7.47	4.39	1	4.91	3.46	5.04	1	5.52	1	2	1	4.46	3.32	1	1	1	5.83	7.02	1	1	5.39	8.55	1	7.4	5.81	1	6.93	7.36	7.77	6.02	6.64	7.89	4.46	4.91	5.29	9.87	3.81	6.44	1	1	5.25	1	1	1	1	1	3.58	1	1	1	1	4.86	7.13	3.46	2.58	1
L38928_at	6.55	6.78	1	6.02	1	5.04	5.83	1	7.43	6.41	4.32	7.98	5.39	7.03	7.04	7.41	8.57	8.82	1	7.82	9.35	6.55	2.32	7.81	4.86	7.11	4.64	4.95	6.73	7.02	7.38	1	6.55	1.58	7.09	6	8.53	7.48	4.91	7.12	6.41	6.61	1	5.55	7.82	1	1	7.69	7.31	4.17	4.81	1	1	1	6.97	1	1	6.67	7.34	1
M90657_at	10.79	1	2.58	1	10.08	5.04	1	5.91	1	1	1	7.34	1	1	5.61	1	8.01	1	1	11.13	1	7.75	1	7.81	5.88	7.15	1	1	8.74	9.77	1	7.32	1	1	9.2	1	4.75	6.23	1	1	4.75	5.61	6.41	1	1	8.37	1	1	4.86	1	1	1	1	1	1	1	1	1	1	8.01
D83783_at	9.05	6.38	9.73	9.28	9.25	8.85	9.79	9.19	8.85	7.98	9.01	8.23	10.02	7.99	9.16	9.48	10.45	9.47	9.29	9.55	10.23	9.73	10.64	10.19	8.83	7.61	9.32	9.93	9.79	9.4	9.05	9.33	9.05	9.76	9.15	8.96	8.52	9.67	8.92	8.55	8.84	9.44	8.6	9.11	9.68	7.41	9.7	9.83	8.86	1	10.97	9.49	8.92	1	9.41	1	8.84	9.23	9.65	9.62
X70940_s_at	8.42	10.25	11.1	10.31	10.03	11.76	11.19	10.62	7.92	10.91	9.63	8.58	10.3	8.87	10.59	9.92	10.7	13.66	11.81	10.1	13.47	11.31	11.11	11.43	8.29	12.52	10.83	8.49	11.31	14.05	9.62	9.86	12.64	11.37	10.56	12.05	11.6	8.96	12.11	11.39	9.37	11.2	13.46	10.23	10.32	4.39	1	12.25	11.41	8.46	9.12	10.12	1	13.24	9.17	9.29	11.1	7.22	9.98	10.98
U49835_s_at	8.12	9.42	7.99	9.27	9.92	7.55	9.33	10.08	9.37	7.2	7.81	8.18	8.54	8.59	8.01	9.57	10.1	9.43	8.74	8.82	9.87	9.39	10.53	10.34	9.5	7.88	7.92	9.21	8.29	10.38	8.7	10.36	9.5	9.78	9.65	8.8	11.82	8.12	9.6	9.18	8.73	9.18	7.25	7.86	9.38	9.96	8.39	9.76	9.04	7.11	9.05	8.37	9.14	1	6.43	8.05	8.58	8.31	8.77	9.26
U59309_at	8.69	8.88	9.2	7.34	8.02	8.58	9.07	9.06	8.68	8.4	8.53	9.61	8.49	9.35	7.92	8.6	9.16	8.62	6.75	9.34	9.56	9.55	7.85	8.66	7.7	9.03	8.5	8.04	9.45	10.91	9.49	9.19	7.94	9.52	9.33	8.31	8.72	5.46	9.62	9.72	9.04	9.34	6.66	9.19	10.09	10.8	7.83	10.79	8.44	8.9	6.52	7	5.95	8.39	1	8.12	7.13	10.08	7.79	8.8
M76378_at	7.61	9.94	9.28	6.89	11.09	7.88	6.67	9.69	8.19	8.48	9.51	9.24	8.04	9.29	10.87	8.86	9.67	11.66	8.64	8.75	11.4	9.01	8.36	10.38	7.79	8.8	8.63	7.21	7.71	9.91	7.02	8.89	9.96	9	10	9.3	11.69	7.13	7.89	10.03	8.8	9.82	8.34	7.59	8.34	10.32	1	8.76	10.04	6.82	9.67	8.75	7.65	8.65	1	9.96	7.31	8.49	8.43	9.74
M15517_cds5_at	11.1	1	10.03	11.96	1	1	1	11.01	1	8.93	1	12.65	10.39	1	1	1	7.06	5.88	8.65	4.64	13.51	8.79	6.25	8.43	1	5.64	12.57	1	7.79	6.44	11.9	1	1	9.13	1	5.52	9.84	6.09	10.76	1	1	14.32	1	1	14.27	10.1	1	9.69	1	1	1	5.86	1	1	1	1	1	1	1	14.84
AB000115_at	6.51	9.03	7.26	7	7.37	1	7.06	6.74	7.85	5.17	5.81	6.81	3.91	7.61	6.23	8.21	7.62	7.06	4.75	7.89	9.52	8.26	8.31	9.67	9.08	7.22	3.7	9.67	7.06	7.79	6.41	6.38	5.49	7.43	7.97	4.7	8.35	5.36	7.88	8.01	8.24	7.5	6.63	6.74	6.79	5.86	1	7.26	7.71	6.13	7.14	6.83	1	1	7.17	7.24	1	7.01	7.58	8.01
X62320_at	10.04	10.18	9.92	9.24	9.11	8.51	8.51	10.85	9.45	8.04	9.06	10.72	8.93	9.75	9.22	8.72	9.48	9.98	9.56	9.42	8.98	10.45	10.82	10.92	9.76	9.57	9.53	1	9.86	9.49	9.22	11.05	9.72	10.38	10.98	9.06	10.74	8.58	9.43	11.18	10.77	10.41	8.65	9.81	9.32	9.68	1	11.13	8.49	8.35	9.81	8.25	5.58	1	9.04	9.85	8.62	10.26	10.07	10.27
M75110_at	5	6.19	2.58	1	6.25	2.32	6.7	1	6.17	4.25	1	5.61	5.93	1	3.46	6.32	1	5.95	4.09	5.55	1	1	1	6.19	5.95	6.74	4.32	1	5.32	7.48	3.58	7.46	3.7	2.81	5.98	6.86	1	1	1	5.91	6.17	3.58	4.91	3.81	6.52	1	1	1	1	1	1	3.7	6.83	5.04	1	3.81	1	1	5.04	1
J02906_at	8.74	9.62	8.26	9.23	10.11	8.94	9.47	10.38	7.92	8.49	9.72	9.36	9.98	9.32	9.59	9.64	10.57	10.11	9.85	10.05	11.22	10.08	10.46	11.15	7.6	8.31	8.95	10.17	9.67	10.5	8.87	9.92	9.53	9.58	10.03	10.07	10.96	9.54	10.53	10.19	9.29	9.29	8.13	7.55	8.64	11.39	7.65	7.79	9.16	8.78	9.57	9.23	4.25	11.06	8.67	10.28	10.01	1	9.89	9.88
U15131_at	9.03	1	8.4	9.1	7.88	6.46	6.36	8.34	1	1	8.19	9.49	7.37	8.15	1	1	8.95	8.8	8.49	7.55	8.84	9.8	7.88	5.39	1	9.05	5.73	7.4	7.19	6.17	1	1	8.27	7.66	7.74	8.77	9.97	1	9.38	9.45	6.86	9.8	1	3.58	5.88	9.18	1	9.4	5.64	2.58	7.52	4	1	1	1	1	1	8.63	5.81	8.81
M74587_rna1_s_at	5.81	8.07	6.23	1	7.19	6.41	5.67	8.36	5.98	6.66	6.89	6.63	3.7	4.25	1	7.63	7.1	7.31	5.21	7.18	6.75	7.84	7.1	8.6	6.32	5.75	6.91	8.65	6.49	8.06	6.95	4.17	5.78	6.15	6.87	6.57	7.67	7.66	6.57	6.57	7.04	6.49	5	5.43	7.15	5.61	3.7	5.13	6.81	1	6.11	2.81	1	8.56	7.01	6.67	6.87	6.21	6.21	1
M15059_at	7.62	8.74	9.05	8.5	9.25	7.71	8.36	10.01	6.17	7.42	8.5	8.55	8.77	5.78	8.07	8.74	9.3	8.94	8.37	8.85	6.75	8.67	9.68	9.05	8.18	7.95	9.38	10.68	7.94	9.42	8.09	8.88	8.76	9.04	8.03	8.72	10.55	9.01	7.4	8.07	7.81	8.91	8.33	7.14	9.78	7.72	7.63	9.07	8.22	7.32	7.6	8.19	8.76	1	6.43	7.43	9.89	7.45	6.52	8.27
X90858_at	8.12	8.19	1	8.86	1	7.34	1	1	5.58	7.45	1	8.13	1	7.41	1	7.7	6.86	8.72	6.91	6.75	8.25	6.66	8.01	1	6.41	7.15	1	6.57	6.81	9.37	8.55	8.72	6.86	7.26	7.51	1	8.84	1	7.95	7.07	1.58	7.15	5.83	6.38	1.58	1	1	1	8.32	3.7	1	5	1	6.64	8.1	3.91	1	4.86	1	1
Z46376_rna1_at	2.32	1	7.99	1	1	7.65	1	8.2	6.88	5.95	1	8.02	6.69	6.23	5.67	6.02	1	6.3	8.68	6.78	5.46	8.08	1	1	1	8.58	7.81	1	5.58	1	4.86	1	7.25	5.43	7.74	9.15	1	1	5.73	9.09	1	9.26	1	1	10.12	5.43	1	9.39	3.58	6.39	1	6.73	1	1	1	1	1	1	1	1
M24398_at	10.84	10.78	12.81	12.45	12.15	11.6	13.46	12.53	10.64	10.03	10.7	10.92	11.43	11.14	4.95	1	13.84	11.17	12.54	10.14	9.51	12.06	13.34	11.96	10.67	11.23	11.94	9.07	12.37	10.54	12.37	13.19	11.56	12.9	9.9	12.08	10.71	11.64	12.44	9.78	11.42	12.52	11.67	10.24	11.89	11.62	1	12.76	10.27	10.37	11.38	12.2	1	1	10.45	11.02	11.8	11.49	10.75	12.68
X81836_s_at	3.17	1	1	1	1	4.09	5.52	1	5.29	1.58	1	6.15	1	4.46	5.75	9.16	1	1	1	6	1	5.95	1	7.34	1	1	6.52	1	4	3.81	3.32	5.39	1	4.81	4.81	4.81	7.8	6.73	1	1	4.39	6.49	5.36	1	5	6.78	1	1	3.32	4.91	1	6.67	1	1	1	1	1	1	1	1
D50840_at	8.95	7.13	8.06	1	8.62	9.46	7.94	9.5	7.97	8.55	5.75	8.13	7.85	8.03	7.81	8.64	8.88	9.22	7.25	8.08	10.43	9.72	8.1	8.9	1	9.76	9.11	9.81	9.92	9.58	8.05	9.48	9.29	8.89	9.44	8.64	9.86	7.42	7.98	9.85	7.09	11.15	9.34	7.47	10.18	10.36	8.28	10.7	8.23	6.85	3.81	7.61	7.71	1	6.87	8.07	1	8.56	7.93	8.99
U43292_at	5.95	5.17	6.23	1	7.61	7.09	7.1	8.23	3	7.39	6.93	6.88	7.95	7.2	1	5	7.3	8.13	8.29	2.81	8.78	5.29	8.48	8.58	4.7	7.1	7.2	6.86	6.87	8.18	7.04	6.21	7.7	7.53	6.04	7.23	8.07	1	1	6.78	7.48	6.66	1	7.07	7.06	1	1	1	7.02	5.46	7.16	6.07	4.86	1	1	4.7	7.9	3	7.58	3.32
Z16411_s_at	4.52	7.1	7.08	1	3.58	7.58	7.61	1	5.81	1	7.87	6.38	1	1	9.41	1	7.28	8.9	7.36	5.36	7.89	7.71	1	6.29	1	6.71	6.87	8.76	6.17	1	6.3	1	5.83	6.25	7.58	8	7.57	6.58	1	7.08	6.88	1	6.89	1	5.25	8.65	7.74	1	1	1	3.91	7.11	1	7.46	1	1	1	6.83	1	4.09
X65663_at	1	1	1	1	6.99	5.81	1	1	1	4.58	1	1	1	1	6.32	1	1	1	6.86	1	7.16	1	5.91	1	3.46	4.64	5.91	7.48	5.64	1	1	6.78	3.91	1	1	5.25	7.5	4.58	4.75	1	4.52	1	5.55	3.58	4.46	2	1	1	1	4	1	1	1	1	1	1	1	1	5.7	1
U88898_at	4.32	6.64	5.04	2.81	1	1	1	1	1	6.25	1	4.09	6.27	6.61	1	7.59	5.98	6.6	4.09	1	6.99	1	1	7.64	1	1	1	8.26	6.81	1	1	7.79	1	1	5.52	1	4.75	1	7.12	5.32	6.3	1	6.25	5.58	5.7	1	1	1	5.09	1	1	4.64	6.02	1	1	1	1	1	1	1
J05428_at	3	5.91	5.21	1	1	1	5.52	6.6	1	5.32	3.58	4	1	5.88	1	5.95	1.58	1	1	1	7.77	6.02	1	6.48	6.49	1	1	7.1	6.21	1	6.04	1	1	1	6.64	5.81	8.15	1	5.58	1	5.13	1	6.55	5.29	6.32	6.32	1	1	5.32	3.91	3.46	3.58	1	1	3.46	1	1	1	1	1
AB000220_at	9.31	7.88	6.54	6.92	9.97	5.83	7.66	6.13	7.73	7.24	5.25	6.92	6.79	7.46	6.81	6.52	8.17	6.15	5.29	8.11	10.58	10.29	7.81	8.17	7.33	4.25	6.55	9.43	4.17	8.78	6.79	7.28	6.11	8.58	8.51	4	9.05	6.73	7.6	8.12	8.16	7.68	6.83	6.02	10.99	7.52	4.52	10.23	5.09	5.64	5.55	3	3.32	10.01	1	6.83	1	9.08	9.61	7.52
S67070_at	9.13	9.06	9.83	10.26	11.95	8.64	8.63	10.59	7.08	8.57	10.09	9.05	9.16	6.54	8.61	8.7	10.48	10.98	9.94	9.57	10.42	10.18	8.93	11.06	8.65	10.18	9.25	9.57	10.02	9.66	8.09	9.52	9.88	9.88	10.44	10.2	10.92	10.12	6.17	10.03	9.42	9.99	9.68	9.02	9.28	10.49	1	8.27	6.15	9.03	10.64	8.91	5.52	10.16	8.75	10.35	10.19	8.43	9.56	9.32
M93283_at	8.22	9.7	8.46	9.5	8.31	7.66	8.78	8.95	7.44	7.97	8.9	8.36	8.82	9.05	8.47	9.5	9.23	9.5	8.09	9.6	9.71	8.13	9.69	10.42	9.43	9.08	7.92	10.24	8.93	9.97	7.95	9.28	8.96	8.74	8.86	9.19	9.61	7.95	9.48	8.31	9.66	9.13	8.16	7.92	9.77	7.97	8.24	8.17	8.21	8.26	8.06	7.43	7.28	6.07	7.25	9.59	8.92	8.02	9.08	9.47
X12794_at	9.25	9.07	8.85	8.44	8.97	9.48	9.61	11.23	9.18	7.41	9.92	9.75	8.9	9.59	9.1	9.01	10.04	10.36	9.27	9.62	10.21	9.32	10.81	10.32	9.48	8.7	9.04	10.13	9.87	10.86	9.21	10.87	10.07	9.54	8.98	9.21	9.88	8.39	9.09	9	9.56	9.8	10.13	8.95	9.08	9.59	8.39	9.85	8.74	8.57	8.57	9.2	8.24	7.15	8.08	9.04	9.82	8.78	8.79	9.94
D63477_at	8.03	6.95	8.03	7.29	7.61	6.09	4.25	6.74	7.21	6.36	3.46	9	1	6.73	5.98	7.26	7.72	10.16	4.09	8.32	10.96	7.79	1	7.85	6.93	6.78	9.31	3.32	7.86	7.67	6.87	8.01	7.7	8.17	8.84	6.48	9.18	7.45	7.17	9.12	7.85	9.07	6.55	7.08	8.98	8.26	7.18	9.39	8.03	4	6.74	6.38	1	1	1	7.49	4.17	7.23	7.16	6.63
X72475_at	6.32	8.15	6.43	8.08	7.12	6.91	7.39	10.24	8.19	7.11	8.26	7.64	8.56	7.77	6.66	8.09	7.86	7.92	8.02	8.53	8.75	8.29	7.62	9.24	8.54	7.99	7.68	9.59	7.86	9.15	6.48	8.57	7.85	8.27	7.79	7.3	9.11	3.32	8.08	8.34	7.81	8.49	7.29	7.18	8.07	8.54	7.42	8.59	7.29	6.69	6.52	7.26	6.64	5.64	7.13	8.19	7.68	7.48	8.25	1
X65873_at	7.9	8.34	5.39	3.46	1	7.92	7.28	8.82	9.21	3.17	5.88	8.99	8.88	7.42	8.23	8.88	7.86	9.17	8.32	9.8	9.08	9.44	8.75	8.25	8.26	8.14	8.11	1	8.22	7.91	7.07	7.43	6.82	8.95	9.47	7.76	9.11	8.08	8.39	9.48	8.98	8.96	7.96	7.87	9.61	9.54	1	10.07	8.02	8.5	7.47	6.61	7.09	1	1	8.86	1	7.92	7.82	8.73
M13829_s_at	8.61	10.03	9.74	8.66	1	9.33	6.93	10.01	8.61	7.25	9.09	8.41	10.2	8.94	9.08	8.29	10.89	8.76	9.7	10.19	10.2	10.4	9.37	11.09	8.73	7.77	9.7	1	8.58	10.37	7.43	8.63	8.94	9.36	8.9	6.48	9.39	6.23	10.37	9.32	9	8.57	8.51	7.89	9.61	10.94	5.88	9.91	8.11	7.69	9.19	6.85	1	1	6.04	8.7	10	8.74	8.33	7.99
Y07909_at	9.94	1	3	4.17	6.75	4.7	5.21	1.58	1	5.78	5.64	6.44	6.87	5.25	5.52	4.32	1	7.37	2.81	6.32	1	7.67	7.7	5.83	1	8.49	2.58	7.92	1	4.25	1	6.49	5.83	5.36	8.18	5.21	7.1	1	5.29	1	5.58	6.75	4.91	5.09	3.81	5.81	6.3	1	1	1	1	1.58	1	1	3.91	1	1	7.68	7.24	7.3
U63455_at	7.37	7.73	9.6	9.92	8.25	7.26	6.46	8.97	8.04	7.89	8.46	8.52	8.22	8.6	7.85	8.8	10.34	10.68	10.24	9	9.58	9.65	11.72	11.09	6.86	10.71	9.3	11.51	11.05	11.33	9.78	10.82	9.69	10.12	8.5	10.32	11.35	7.71	10.74	10.38	8.26	9.57	9.76	7.82	8.95	10.26	7.95	8.88	8.48	8.35	8.79	9.63	8.57	7.82	8.17	9	8.6	1	8.47	10.1
L36861_at	6.52	1	8.03	4.58	6.25	6.66	6.36	8.47	5.73	4.25	6.97	8.22	1	4.58	7.46	6.85	8.49	7.81	6.61	1	12.65	6.61	7.81	8.82	6.57	5.49	3.17	10.97	7.95	8	6.89	7.24	6.66	7.2	6.74	5	8.96	7.07	1	7.19	6.02	6.71	6.98	5.78	7.71	7.31	1	7.38	5.55	1	4.75	6.7	7.85	1	5.29	6.82	8.38	4.95	5.43	1
U49857_at	6.93	8.91	5.04	1	12.46	7.48	6.7	8.05	7.17	7.6	8.6	8.17	9.45	7.52	8.21	6.55	8.8	8.97	8.04	1	8.72	7.29	9.01	9.49	7.87	8.77	1	1	7.87	1	7.84	6.41	8.29	8.01	8.04	8.9	8.39	6.77	7.39	9.46	7.52	8.29	7.75	7.25	8.29	11.59	1	9.21	8.59	5.98	1	6.63	1	1	7.1	8.32	4.46	7.57	6.93	8.05
X77307_at	6.61	6.64	6.93	1	7.37	6.99	1	7.72	3.81	6	6.09	4.64	6.36	3.7	7.46	6.55	5.61	1	5.88	5.67	8.08	7.59	7.81	7.71	1	6.21	7.16	1	7.62	7.52	6.09	4.95	6.91	7.15	7.13	6.74	1	4.09	5.81	6.98	5.49	6.25	1	6.66	7.88	5.81	1	6.69	7.07	5.81	6.15	2.32	4.86	1	1	4.17	7.59	1	1	5.93
U47054_at	4.75	1	1	8.54	1	5.55	1	1	1	4.86	5.75	8.75	7.41	1	6.27	1	1	8.09	6.07	1	7.34	4.7	1	7.14	1	4.95	9.68	6.99	1	7.91	3.58	7.8	6.04	1	1	6.82	8.07	5.93	7.5	1	5	7.47	3.17	5.25	7.85	1	1	1	5.09	1	4.95	1	1	1	5.64	1	1	1	6.11	4.81
L00058_at	7.95	1	8.42	8.48	1	1	1	7.1	5.73	10.33	3.32	11.52	6.99	9.42	1	1	1	6.36	8.97	1	5.98	6.09	7.3	3.91	1	9.27	9.52	3.32	6.41	5.43	7.04	3.91	7.67	7.88	6.99	8.74	6.48	5.46	4.39	10.21	5.52	7.14	8.17	1	9.52	7.34	5.29	9.56	2	5.04	1	3.46	1	6.97	1	1	1	6.21	1	7.54
U15128_at	5.93	7.76	7.23	6.44	4.25	6.66	5.13	4.52	5.93	4.52	5.39	7.24	6.57	7.01	7.81	6.69	1	6.95	6.98	8.37	7.52	8.26	8.5	6.09	5.17	7.5	5.83	8.65	6.27	7.94	1	7.56	5.88	6.07	8.1	6.93	6	1	7.17	7.43	6.39	8.09	6.34	5.98	7.66	8.25	6.48	1	6.58	5.04	5.43	4.95	4.25	8.76	1	5.21	1	6.21	6.82	6.81
HG3517-HT3711_at	4.17	4.91	7.99	9.24	7.06	7.13	8.37	9.28	6	1	7.29	1	8.59	6.34	1	3.46	8.9	6.46	7.13	3.7	8.41	8.74	10.76	1	7.94	6.21	5.43	9.71	9.68	10.27	9.09	10.52	8.4	8.7	1	7.31	8.07	10.83	7.54	1	4.95	6.51	8.88	6.15	6.67	1	1	7.67	6.32	6.48	6.15	7.01	1	1	7.64	1	1	1	7.92	8.42
X62153_s_at	9.48	7.75	9.62	9.04	9.27	9.07	9.43	9.76	9.65	7.98	9.92	9.63	9.04	9.89	9.33	10.12	9.62	9.47	9.21	9.88	9.87	10.09	10.26	9.34	9.24	9.03	8.68	10.08	9.4	9.25	8.39	10.18	8.4	9.73	9.96	8.65	9.76	8.93	9.45	8.18	9.85	9.98	8.83	9.15	9.65	10.22	8.26	10.76	8.97	8.99	9.3	8.41	8.92	1	1	9.71	9.37	10.69	9.89	9.53
X93510_at	1	1	6.27	1	1	1	1	1	1	5.83	1	1	6.89	1	1	1	1	1	8.81	1	1	1	1	1	1	10.6	7.03	1	7.94	1	4.52	8.12	10.66	1	1	10.36	1	6.82	6.78	10.92	1	1	9.1	1	1	1	1	1	1	1	1	1	1	1	1	1	1	1	1	4.09
M14123_xpt1_at	4.39	6.57	2.58	1	1	1	1	5.52	1	1	1	2	4.95	3.81	4.64	5.81	1	5.81	1	6.58	1	4	6.36	7.91	1	6.02	1	1	7.19	1	5.25	1	1	5.36	1	1	6.64	4.75	1	5.04	1	1	1	2	1	1	1	1	1	1	1	5.09	1	1	1	1.58	1	1	3	1
U19261_at	8.6	9.85	7.94	8.71	9.73	7.13	8.81	9.45	8.95	7.19	8.14	8.88	9.19	9.62	9.63	9.07	8.87	9.14	8.52	9.81	9.26	8.13	10.06	9.42	8.86	8.9	7.25	1	7.75	9.06	7.6	8.85	9.1	8.75	9.67	8.94	9.65	9.05	9.4	9.59	9.66	9.71	7.69	8.06	9.54	1	1	9.44	8.81	7.56	8.34	7.36	1	1	8.99	9.12	8.38	8.39	8.69	9.87
Z54367_s_at	8.84	7.92	7.88	8.43	9.9	9.53	9.39	8.95	6.51	7.33	8.32	7.91	9.85	8.52	8.29	7.13	9.84	10.21	10.07	8.17	8.98	8.17	10.47	9.91	7.62	8.71	9.61	10.83	9.07	10.03	9.2	9.91	8.6	9.59	9.04	9.46	9.97	9.25	9.54	9.2	8.66	9.35	9.48	6.36	9.4	9.78	9.58	8.48	8.45	1	8.33	9.17	8.69	10.89	5.13	8.38	9.71	5.04	8.29	8.94
HG1980-HT2023_at	12.77	11.43	12.61	12.82	12.81	12.46	12.49	13.8	12.29	11.37	12.32	13.02	13.97	13.07	11.71	9.79	13.92	11.89	13.46	10.59	14.36	13.51	12.82	13.44	9.61	13.3	12.79	12.04	12.64	13.01	13.62	13.16	13.86	13.36	11.38	13.51	12.55	9.36	14.13	13.23	12.46	14.43	13.35	10.33	13.85	14.04	11.56	13.82	11.3	9.71	11.27	12.03	11.66	11.67	11.75	11.55	9.67	13.39	11.75	12.76
AC002115_rna2_at	9.55	8.13	8.53	8.29	1	7.79	8.21	9.49	8.35	7.75	7.94	8.78	8.23	8	7.59	8.85	7.59	9.13	6.58	6.95	7.75	8.79	7.7	9.24	7.68	9.11	5.58	1	9.75	7.63	5.88	9.07	8.29	8.84	9.51	1	8.17	8.42	6.81	9.53	9.24	9.09	7.91	8.42	8.94	9.56	1	9.68	8.7	7.92	7.38	6.58	2.32	1	6.97	8.06	1	9.97	6.95	8.89
L28821_at	7.72	1	8.47	7.95	7.12	6.67	8.58	10.14	1	6.58	7.75	7.26	8.29	7.92	3.81	1	9.52	9.82	8.81	8.72	9.13	8.5	9.68	8.14	1	8.42	8.57	9.53	9.87	9.91	9.1	9.93	9.03	8.92	1	8.97	8.69	1	9.6	1	7.33	8.84	8.37	7.13	8.1	9.32	1	9.88	7.4	7.09	4.25	8.21	1	1	1	6.51	1	7.51	7.7	10.42
M32304_s_at	10.41	8.04	10.37	8.88	10.3	8.43	9.03	10.47	8.88	7.8	9.82	9.83	8.97	9.15	8.1	8.85	10.63	9.94	9.85	6.73	10.53	10.57	10.16	10.34	8.14	9.92	8.43	10.3	9.17	10.44	8.5	10	10.23	9.88	9.67	9.89	11.13	8.19	9.99	10.28	9.52	9.82	9.49	8.04	9.38	10.52	6.36	10.51	7.87	7.81	8.85	9.04	8.22	7.92	8.57	7.01	9.55	10.14	8.81	10.47
D83174_s_at	12.05	8.38	10.03	9.97	9.08	10.64	8.7	10.34	10.47	11.05	10.11	11.61	9.6	9.91	9.12	9.59	9.55	9.85	10.91	9.65	10.04	10.78	10.94	10.57	9.24	10.25	8.51	9.51	9.1	10.95	8.84	10.17	11.53	9.5	11.87	10.8	10.06	10.51	9.64	11.05	10.08	10.58	11.37	9.27	10.37	9.07	8.54	9.5	8.68	8.6	9.45	9.33	1	9.49	9.84	9.12	11.23	10.93	10.52	10.47
M26665_s_at	6.61	5.78	7.48	6.81	1	6.99	6.82	8.82	7.32	6.17	6.89	6.61	7.31	7.86	5.52	1	7.37	7.42	7.56	8.35	8.57	7.86	8.38	7.25	4.09	1	6	1	7.37	7.55	1	7.15	7.36	7.5	8.1	5.52	7.61	5.36	7.81	3.17	7.42	8.43	5.36	6.49	8.18	1	4.52	1	7.36	5.43	7.65	5.75	5.43	1	1	5.83	1	3.81	7.52	6.97
S75213_s_at	8.73	9.69	9.89	9.01	9.77	8.5	9.38	9.95	9.61	7.69	9.42	8.37	9.37	8.87	8.76	8.81	10.64	10.23	9.67	9.41	10.46	9.23	10.39	10.71	9.43	8.58	8.08	8.65	9.07	9.52	8.13	8.76	9.12	9.83	9.82	9.47	10.3	8.94	10.42	9.77	9.68	9.3	8.99	8.76	8.8	9.21	6.93	9.86	8.16	8.6	9.81	8.52	8.89	7.65	7.89	9.7	7.92	8.44	10	8.64
M25269_at	6.11	8.6	8.45	9.55	8.67	6.98	8.28	8.59	8.72	7.43	8.24	7.94	8.6	7.89	7.86	7.98	8.96	9.37	8.25	8.55	9.37	8.05	9.45	9.08	9.7	7.87	6.38	9.55	8.23	9.31	7.4	1	8.33	8.71	8.27	8.25	9.66	7.64	8.66	10.24	9.1	8.4	8.18	7.52	8.91	9.76	7.7	9.12	8.67	7.38	8.01	7.82	8.68	1	7.17	9.38	4.91	3.46	7.95	8.13
U56417_at	10.54	10.62	10.89	9.04	1	10.41	10.05	11.44	10.57	8.94	9.95	10.76	10.75	10.74	11.31	10.45	11.6	10.87	8.78	11.51	11.53	11.42	11.61	11.82	10.29	9.53	9.97	1	10.89	11.06	9.89	10.99	9.26	11.29	11.34	9.4	11.01	10.15	10.9	10.86	11.07	11.1	8.83	10.26	10.85	12.08	1	11.75	10.56	9.37	11.21	9.82	1	1	8.43	10.84	9.02	11.17	10.76	11.45
L05568_at	1	1	5.52	1	1	1	1	3.7	4.39	5.91	4.52	6.52	1	7.13	6.17	7.84	6.67	6.3	1	6.25	8.88	4.86	1	9.25	1	6.23	6.66	1	1	1	1	1	2.58	6.81	7.55	7.1	7.12	1	6.34	1	6.82	4.91	1	1	7	6.69	1	1	1	3.32	4.46	1	1	1	1	2.58	1	1	5.67	7.3
U42412_at	8.08	9.64	8.77	8.78	7.12	7.95	7.62	10.13	9.28	7.25	9.01	9.33	8.42	9.09	6.27	9.59	9.92	9.83	8.51	10.03	10.57	9.36	9.15	9.77	8.23	8.95	8.41	9.4	9.81	9.43	7.69	9.36	8.39	10.01	9.83	9.77	10.87	9.1	9.29	9.66	9.77	9.35	8.52	8.99	9.41	9.42	7.42	10.25	9.33	7.29	8.58	8.46	7.32	1	7.8	9.78	8.97	9	9.37	8.27
HG1723-HT1729_at	7.12	9.1	7.7	5.64	9.73	8.12	7.76	9.29	8.42	6.86	8	8.46	8.11	8.21	9.46	9.07	9.64	9.37	9.18	8.94	11.1	8.74	9.53	9.79	8.5	7.77	8.2	8.45	9.4	8.95	8.47	9.31	7.92	8.8	9.02	8.69	9.85	8.22	9.3	10.07	8.99	8.91	6.46	7.94	8.81	10.37	6.36	9.85	8.23	7.29	8.64	7.53	6.52	8.02	4.75	9	9.12	8	8.63	7.64
U07132_at	9.61	8.4	9.5	7.64	1	8.83	8.58	10.62	9.29	7.39	9.08	8.62	10.04	9.54	9.26	9.11	10.62	9.33	9.82	10.11	10.89	9.96	10.92	10.06	8.27	9.19	9.51	8.45	9.94	10.11	9.71	10.83	9.69	9.52	9.94	9.34	10	9.69	8.79	10.29	9.82	10.15	7.64	9.32	10.07	7.97	1	9.84	9.18	8.51	9.29	9.12	1	6.23	8.06	8.91	10.43	9.43	9.89	9.7
M24351_cds2_at	5.36	6.6	5.95	6.48	6.66	5.04	5.95	8.01	4.39	1	7.46	6.69	5.73	5.98	1	7.59	8.4	5.13	5.88	1	4.81	7.29	10.36	8.68	7.64	6.3	5.83	1	9.63	9.95	1	10.77	1	7.82	5.78	7.49	6.48	4.58	5.43	4.95	6.49	6.75	1	1	7.92	8.02	1	1	5.49	4.39	5.73	3	8.01	1	1	6.36	6	1	5.91	7.13
U46499_at	8.43	7.93	5.88	7.63	7.52	8.93	6	7.5	5.91	8.06	8.52	8.97	5.86	8.72	7.55	5.98	8.12	8.76	7.84	7.24	7.73	8.29	8.12	9.78	7.89	8.44	4.32	1	7.27	7.76	5.32	7.95	7.41	7.46	8.74	5.25	9.37	7.45	7.1	7.09	6.63	8.28	7.04	7.32	7.51	8.44	6.57	1	9.12	6.82	4.81	8.54	7.48	1	6.87	6.69	9.34	3.58	5.52	8.25
HG2755-HT2862_at	7.8	1	1	3.7	1	1	1	6.87	1	1	1	6.73	1	4.32	1	1	1	1	1	7.53	1	6.51	1	1	1	5.73	5.43	7.86	1	8.2	1	7.69	5.78	1	9.91	6.87	3.7	1	1	9.61	5.49	6.67	5.29	1	1	1	6.75	1	1	1	1	1	1	1	1	1	1	1	3.81	1
L37127_at	9.13	1	1	1	1	4.81	9.84	7.1	1	6.44	6.89	9.9	9.09	10.87	8.07	9.04	7.98	1	1	10.93	6.19	10.23	9.3	1	9.67	8.82	1	1	8.94	6.73	9.34	9.73	1	7.36	9.36	1	1	8.49	9.77	10.21	9.91	9.66	8.47	10.7	11.44	10.14	1	11.5	10.41	1	1	1	1	1	7.64	10.32	1	9.6	1	1
L07633_at	9.43	9.27	10.02	9.08	10.16	8.88	8.73	9.92	8.4	7.88	9.63	10.91	9.11	10.02	9.35	9.16	10	9.83	9.16	9.94	10.45	9.52	9.51	10.34	9.67	9.8	10.12	9.24	9.73	9.86	8.79	9.14	9.6	9.48	10.79	9.35	9.78	8.71	9.58	10.14	10.51	9.62	9.75	10.18	9.66	10.33	9.25	9.93	9.71	8.84	9.69	9.41	8.87	1	7.67	9.47	9.69	9.61	9.61	8.95
U23070_at	9.57	1	1	7.24	9.32	6.85	1	5.32	4.64	1	1	5.52	1	6.79	1	1	8.14	7.12	7.21	5.73	7.88	7.9	7.1	1	7.57	9.47	5.58	8.89	5.93	1	2	1	8.96	7.13	4.58	9.65	6.77	1	4.25	8.89	5.61	6.79	6.71	6.09	5.73	7.12	5.29	3.7	6.17	1	5.83	5.39	1	1	3.46	1	1	5.43	1	7.43
M22430_at	6.51	1.58	3.7	1	1	1	1	7.79	4.39	6.15	6.85	5.61	7.79	6.81	4.95	7.97	7.46	8.06	6.78	6.86	7.62	6.95	1	8.9	1	7.85	7.33	5.7	7.41	7.18	1	6.6	1	5.13	8.11	6.89	1	7.71	8.06	1	8.21	7.52	6.57	5.36	7.29	1	1	1	6.3	6.61	5.46	1	3	1	1	5.67	8.3	1	7.18	1
U82321_at	1	1	4.81	7.34	6.46	1	1	7.97	1	4.91	1	1	1	4.52	6.04	2.81	1	1	6.75	5.78	1	7.35	7.66	5.39	1	1	4.91	7.92	5.49	1	1	8.45	5.04	1	2.32	5.95	6.94	6.09	1	1	4.39	1	1	4.7	1	1	1	1	5.88	1	1	1	1	7.71	1	1	1	1	1	1
X98534_s_at	7.57	1	7.86	7.63	1	4.39	7.99	7.58	1	6.36	8.26	7.16	1	7.31	1	6.39	8.02	6.85	1	1	8.28	7.26	9.3	8.06	1	7.52	5.17	4.39	6.73	6.91	1	8.17	7.71	6.54	9.53	6.38	7.86	7.33	7.1	1	7.42	8.22	7.79	6.87	7.71	1	1	1	1	5.81	7.57	7.5	1	3	6.04	1	1	2.32	8.43	7.95
U56816_at	8.05	7.99	10.25	8.09	11.46	1	7	10.3	9.51	7.69	8.12	8.9	9.2	8.12	8.08	5.13	9.34	7.95	1	8.67	9.27	9.18	9.22	8.92	6.23	8.74	1	1	9.77	1	8.38	9.22	9.52	9.61	8.96	8.25	10.52	8.89	9.82	5.91	7.74	9.74	9.36	8.73	9.69	11.14	9.31	9.22	9.11	7.88	6.21	8.46	1	1	1	1	1	10.02	9.67	9.05
X81817_at	10.78	10.34	11.39	10.17	9.66	9.79	10.27	11.17	9.8	9.2	8.87	11.1	10.84	11.63	9.63	9.01	11.39	10.63	10.54	10.42	11.05	11.29	9.76	11	8.45	10.79	10.5	10.44	10.7	10.64	10.26	9.96	10.85	11.72	10.95	10.78	11.55	8.56	11.22	11.75	10.48	11.15	10.42	9.45	11.61	11.53	8.65	12.51	10.06	8.71	10.11	9.31	8.46	9.82	9.2	9.81	7.48	11.6	9.56	10.88
X06290_at	2	1	6.63	4.32	7.06	6.57	1	5.32	1	1	4.64	1	1	3.32	1	1	1	6.15	7.44	3.7	8.25	6.7	7.3	1	1	5.25	1	9.18	6.77	7.59	7.27	5.75	1	1	1	5.46	7.03	6.3	1	1	3.32	1	1	1	2	1	1	1	1	4.58	1.58	1	1	1	1	1	6.3	1	1	4.46
S81003_at	9.33	8.65	9.16	9.07	7.19	9.69	9.29	9.61	8.56	8.72	8.73	10.09	9.15	10.29	7.59	8.54	10.44	9.35	8.69	8.6	9.53	9.8	8.79	10.24	7.71	9.32	10.14	5.39	9.8	9.62	8.8	9.69	9.25	9.8	10.37	9.47	9.7	8.38	10.01	10.24	10.2	9.62	8.55	9.76	10.04	10.15	1	11.35	10.05	8.41	8.17	8.9	7.51	6.23	8.19	9.71	7.7	9.77	8.87	9
M81883_at	6.87	1	4.25	5.39	9.01	8.38	2	4	4.17	6.25	4.86	1	1	4.52	8.13	6.32	1	9.54	10.06	6.46	7.88	1	1	1	6.64	11.01	1	1	6.21	1	5.32	1	11.1	1	5.52	10.99	3.7	1	6.23	12.77	6.17	6.34	9.81	5.43	5.67	6.17	1	1	7.55	4.32	5.67	4.52	4.39	1	1	7.63	1	1	1	3.32
Y00486_rna1_at	10.51	9.71	9.9	9.67	9.42	8.96	8.7	9.87	9.24	6.17	10.18	10.46	5.29	9.05	8.08	7.69	10.35	9.52	8.29	8.98	8.73	9.8	9.93	1	9.79	9.29	9.56	1	9.58	9.9	9.13	10.2	9.83	10.02	9.87	10.42	9.23	9.6	9.54	9.62	10.04	9.14	10.48	9.7	9.27	9.26	1	10.2	9.32	8.83	9.22	9.1	1	1	9.98	8.86	5.73	9.73	9.42	10.05
X02176_s_at	6.78	5.49	6.87	6.85	7.57	7.48	5.52	7.52	1	5.46	7.37	7.44	8.23	4.32	7.81	1	8.8	6.69	7.72	3.7	5.75	7.52	9.04	1	1	1	7.03	1	3.7	1	4.39	5.49	6.73	4	1	7.43	8.21	4.91	4.91	1	7.42	1	7.19	6.6	4.75	9.43	1	1	1	1	1	1	1	8.56	1	6.88	8.73	1	7.29	8.51
D12686_at	8.31	1	1	1	1	7.35	9.45	1	1	1	1	7.29	1	1	1	1	8.45	1	8.18	1	1	1	1	1	1	4.75	6.66	1	8.03	1	1	1	1	1	1	1	1	1	1	1	1	5.09	9.07	1	1	10.02	1	1	1	1	1	1	1	1	1	1	1	1	1	1
X67951_at	10.14	11.88	11.23	12.76	9.93	10.84	12.47	13.99	12.33	10.48	11.58	13.06	13.11	13.4	9.69	10.87	12.07	11.72	11.55	11.56	12	13.1	12.09	12.32	10.69	12.67	12.6	12.41	11.67	11.49	11.64	11.8	12.23	13.58	12.44	12.66	13.27	10.07	13.23	13.28	12.2	13.43	12.47	12.02	13.56	13.23	10.4	14.2	11.47	10.5	10.95	11.3	10.3	10.47	10.32	11.36	9.58	14.18	10.8	11.46
X90872_at	10.7	6.81	8.42	8.4	9.11	9.1	8.18	9.02	7.8	7.94	8.06	9.72	7.5	8.87	8.76	8.62	6.04	8.57	10.21	9.65	7.02	9.25	8.6	9.81	7.67	9.86	9.14	6.71	8.14	9.68	8.42	8.93	10.03	9.12	9.42	9.12	8.68	7.85	8.77	10.37	9.08	9.26	10.07	8.41	9.06	8.92	7.52	10.07	8.48	8.01	7.58	8.4	8.18	9.15	6.13	8.21	1	8.8	8.62	8.78
Y13620_at	8.88	7.79	8.88	1	7.71	8.18	9.64	8.08	8.12	4.95	5.61	8.89	9.07	8.04	8.68	7.24	9.82	7.79	8.79	10.19	8.85	9.2	9.41	8.7	5.13	8.18	8.52	1	9.71	4.25	8.96	8.76	7.1	8.5	8.24	8.3	1	1	9.49	8.32	9.54	10.15	7.89	8.46	9.43	8.85	1	10.42	7.18	7.02	9.32	8.54	1	1	1	8.37	1	8.81	8.22	9.78
K03195_at	9.12	9.24	8.54	5.04	9.24	8.99	8.2	10.13	8.48	7.61	8.19	9.13	8.24	9.08	9.04	9.35	9.61	9.28	8.69	9.76	10.86	9.63	10.34	9.95	8.86	8.89	8.75	9.65	9.77	10.07	8.78	8.76	8.87	9.44	9.53	8.96	9.43	8.65	9.16	9.98	9.17	10.07	7.94	8.77	9.65	9.86	6.67	10.07	9.14	8.18	8.91	7.28	7.93	1	8.21	9.6	8.65	9.25	8.93	10
M95740_at	1	3	1	1	1	1	1	5.98	1	1	6.13	6.92	1	1	4.52	5.36	1	6.09	6.44	7.74	1	5.49	1	1	1	7.11	1	8.04	1	7.22	2	7.74	3.7	6.07	1	1	1	7.02	1	1	8.27	7.29	5.75	7.16	2.81	1	1	1	1	1	6.36	1	1	1	1	1	6.87	1	1	1
Y09022_at	8.97	1	9.09	7.78	1	8.81	8.97	8.39	7.58	7.94	8.8	8.04	9.15	7.75	7.57	6.51	9.29	8.21	9.62	8.48	9.39	8.28	9.21	8.96	6.93	7.7	8.57	9.07	8.34	7.69	8.04	8.59	8.41	8.55	7.3	9.26	5.93	6.69	7.23	6.46	8.27	8.55	9.03	8.12	7.63	1	8.46	9.36	7.73	8.08	8.34	7.45	8.41	1	1	1	1	8.01	8.66	8.19
M14123_xpt3_at	2	8.48	6.19	7.94	1	5.52	6	3.7	2	3.32	5.25	4.39	6.21	3.17	7.79	5.17	1	7.65	1	6.61	1	6.66	1	6.09	1	6.49	1	6.39	1	1	1	1	6.27	1	5.49	4	6.73	5.36	1	1	1.58	5.78	1	3	1	1	6.3	1	1	1	4.25	1	1	1	1	1	1	3.91	5.78	1
D38081_at	1	6.13	6.19	6.57	1	6.52	7.47	9.22	7.15	6	1	4.09	6.41	5.17	5.67	1	4.58	5.73	5.55	7.94	6.04	5.29	6.85	8.06	7.73	5.49	1	1	5.58	1	7.12	1	4.46	6.39	7.43	5.93	6.23	1	4.17	7.88	6.75	7.01	1	1	1	6.92	1	1	5.93	1	6.66	1	1	1	6.36	5.83	1	5.67	7.43	1
L19267_at	9.68	10.43	10.04	9.82	9.58	7.92	9.53	11.5	9.45	10.12	10.33	9.62	10.39	10.46	10.72	9.78	10.33	10.49	9.82	9.99	11.63	10.6	11.6	11.41	9.92	9.5	8.42	5.39	10.71	11.49	9.89	11.24	10.37	9.95	9.31	10.32	10	10.51	10.78	11.34	10.26	10.11	9.5	10.36	9.45	7.28	4	11.1	9.86	8.74	8.48	10.49	1	10.06	10.95	10.95	7.97	10.45	9.87	10.14
U59111_at	6.38	5.64	4.7	1	1	6.61	5.88	8.54	1	9.64	4.39	6.79	1	5.78	7.83	6.3	1	6.92	1	7.03	3.58	5.61	1	8.84	4.58	5.98	7.29	6.99	7.34	5.58	3.58	8.12	1	6.88	6.81	6.43	7.75	6.17	6.69	7.76	4.81	6.81	1	1	6.04	7.92	1	5.91	4.58	5.13	5.43	6.17	1	7.46	1	5.25	1	1	5.39	1
HG406-HT406_at	6.87	9.26	7.38	6.78	1	7.09	7.66	5.98	8.59	6.04	1	7.02	6.73	8.03	7.48	8.15	9.26	9.15	9.13	8.25	9.02	8.86	9.34	9.55	8.67	8.46	7.77	9.51	7.29	8	7.34	8.15	8.96	7.47	8.72	7.53	8.02	8.49	8.54	9.35	8.27	8.12	7.48	8	7.09	8.17	8.89	8.6	7.67	1	6.93	7.47	5.25	1	7.72	8.85	1	8.02	8.01	8.96
M93718_at	9.47	5.91	10.32	10.44	1	9.01	9.99	11.22	10.09	5.91	10.1	9.13	9.8	9.98	9.69	10.19	10.51	10.42	10.2	8.5	11.12	10.06	11.14	11.14	10	9.72	9.82	11	10.1	10.88	9.76	10.32	8.7	10.11	10.42	10.49	10.63	9.57	10.45	10.73	8.33	10.26	9.37	9.24	10.07	1	1	7.68	8.74	8.99	9.57	9.73	1	8.49	9.6	8.46	10.47	8.14	9.55	10.03
L31801_at	10.5	10.13	8.86	8.92	10.35	8.99	8.25	10.27	10.29	8.31	9.55	10.6	8.14	11.21	9.33	10.48	9.07	8.72	9.84	10.24	10.76	9.85	8.62	10.32	9.28	9.39	8.11	10.18	8.92	8.44	10.31	9.25	9.19	8.6	10.59	8.99	10.13	8.54	8.68	11.39	10.27	10.96	8.54	9.35	10.38	10.23	1	10.67	9.86	8.55	9.35	7.84	9.32	9.28	5.52	10.33	8.52	11.11	9.03	9.58
M85276_at	10.9	8.25	1	1	8.39	6.17	1	6.49	7.94	4	6.3	7.09	1	7.12	8.58	8.61	7.21	7.49	6.61	7.71	7.42	7.9	3.32	8.22	6.93	7.47	2	7.21	6.77	5.04	8.49	1	6.86	5.81	7.46	5.93	6.64	1	6.86	8.52	7.89	7.58	6.66	6.92	8.07	10.19	5.95	3.58	6.87	5.86	7	5.95	6.97	1	1	7.98	1	5.13	6.32	1
M60922_at	9.84	8.79	8.52	7.26	10.46	9.44	8.48	10.2	8.92	7.76	9.15	9.98	9.83	9.59	10.11	9.24	9.79	9.6	9.56	10.65	9.94	10.28	10.14	9.65	9.05	9.11	8.34	9.88	9.93	10.31	9.13	10.2	8.72	9.46	9.71	8.83	10.08	7.86	9.57	10.28	9.44	9.99	9.09	8.9	8.87	11.25	7.42	10.54	8.58	7.67	9.46	8.03	7.55	7.15	8.11	10.08	8.68	10.12	9.33	9.73
X03934_at	8.04	8.85	6.36	8.09	7.19	7.37	7.97	9.49	8.66	7.54	7.83	8.28	8.29	8.49	9.7	8.43	6.46	8.62	7.3	9.26	8.39	9.94	10.02	9.02	7.63	8.1	7.71	10	9.11	10.4	8.38	9.93	9.2	8.66	8.21	8.54	8.52	8.56	7.93	8.62	7.87	8.89	7.75	8.23	8.09	8.86	6.48	9.39	7.67	7.43	7.73	8.27	8.29	4.64	8.25	8.22	7.04	7.79	8.26	8.38
D50928_at	8.61	9.08	8.8	1	1	1	6	7.95	7.92	7.54	7.2	7.38	7.97	8.35	3.81	8.47	9.3	7.81	1	8.86	9.79	8.05	10.12	7.67	7.43	7.16	7.74	9.45	9.11	9.32	8.96	9.54	7.7	8.76	7.12	8.75	8.01	7.75	9.06	7.58	8.12	9.58	8.4	7.97	8.92	8.78	1	9.37	8.46	7.43	5.29	6.25	1	1	6.6	8.26	1	9.11	9.29	9.22
AB000462_at	4	8.07	1	7.22	3.58	5.64	1	1	5.29	1	1	6.3	1	1	3	7.02	7.4	6.36	1	5.88	1	6.02	1	7.64	7.88	3.91	1	7.65	6.73	1	6.67	1	1	1	6.48	1	8.45	5.86	1	6.99	6.49	6.02	6.57	1	6.43	7.03	1	1	1	3.91	1	1	1	1	1	6	7.62	5.21	1	3.58
U82256_at	6.79	6.87	5.83	3.46	7.19	6.94	6.63	7.55	5.09	5.17	5.91	6.69	7.37	6.69	1	4.46	8.14	8.32	7.61	6.21	8.68	4.46	7.45	9.17	1	7.14	7.56	1	6	8.63	6.58	7.8	6	7.43	6.97	7.88	5.29	6.73	7.77	7.55	3.91	6.57	7.21	5.46	6.79	6	1	6.99	6.38	1	6.46	6.88	1	1	6.43	7.2	7.44	5	6.02	6.67
D16181_at	5.73	5.17	6.78	7.3	12.45	7.73	8.04	7.29	6.34	1	6.95	7.9	5.09	6.64	8.76	7.75	9.12	10.27	6.34	6.58	10.65	7.17	8.6	9.08	7.19	9.14	6.11	9.57	7.52	7.55	7.95	8.9	5.39	4.32	6.7	7.63	10.14	4.91	6.39	7.64	1	7.73	5.75	4.91	7.51	8.11	1	7.31	8.64	1	3.7	8.31	5.88	7.87	1	7.25	8.07	6.67	4.25	8.76
S81264_s_at	8.54	8.6	8.98	8.81	1	7.31	8.73	8.66	7.55	5.32	8.65	7.69	7.02	8.31	8.24	7.48	10.16	9.13	9.7	8.88	8.42	7.86	8.04	9.86	8.1	7.95	8.34	9.8	8.53	4.86	8.52	7.79	8.39	8.89	9.02	9.02	10.51	6.86	9.15	9.17	9.07	9.29	6.34	7.24	7.85	8.96	1	8.5	7.94	7.29	8.52	8.54	6.29	9.26	7.39	8.5	8.24	1	7.25	7.61
D89377_s_at	8.68	5.25	6.75	7.18	7.3	3.81	6.39	6.91	5.78	6.07	5.7	2.81	1	4.81	5.43	6.44	7.75	7.15	8.29	5.78	7.67	5.78	4	8.32	6.09	7.63	1	8.76	6.46	7.22	2	8.34	7.15	4.95	6.43	7.88	6.87	6.94	6.73	10.22	5.7	7.03	7.62	5.36	6.64	1	4.7	4.91	6.79	1	5.55	1.58	7.46	6.38	7.1	6.39	1	4.7	1	7.84
X14085_s_at	8.69	10.8	8.17	1	8.85	6.99	8.43	9.64	9.02	7.42	8.02	9.2	7.29	9.26	10.5	9.36	10	9.39	7.43	10.76	8.98	11.05	8.95	10.64	9.21	8.68	6.15	9.91	9.01	9.72	8.11	10.16	8.39	9.88	9.76	8.26	10.44	7.42	10.28	10.3	10.37	9.75	7.78	8.66	9.85	9.97	1	10.4	9.04	7.96	8.95	8.38	8.74	7.07	6.6	10.11	1	9.16	9.6	8.72
U61981_at	7.18	6.23	5.13	8.26	7.42	7.29	5.39	7.52	6.7	6	6.57	7.34	6.57	6.73	7.2	7.03	1	6.02	7.04	8.62	8.23	8.76	8.26	8.12	6.64	6.98	7.79	8.26	8.54	8.08	4.64	7.99	4.81	7.33	7.58	6.71	1	7.42	6.55	7.34	6.48	7.96	6.27	6.67	7.77	8.55	5.88	8.12	5.46	6.58	6.07	6.09	6.13	1	1	7.03	6.17	6.6	6.17	7.52
HG2247-HT2332_at	7.03	8.46	8.67	8.3	1	7.32	7.75	9.36	6.7	3.46	7.32	6.34	8.07	6.93	6.57	7.07	8.48	8.07	7.27	1	9.07	7.02	8.89	8.52	7.83	7.44	7.74	1	8.45	9.33	4.86	9.25	7.36	7.22	6	7.1	9.02	8.48	8.26	1	7.11	7.43	8.09	6.52	7.4	1	1	8.74	7.38	6.32	8.08	7.67	1	1	5.95	1	1	7.29	8.61	8.27
M61826_s_at	5.88	5.78	5.13	4.7	5.98	5.43	5.52	5.43	1	6.15	4.64	6.11	6.27	3.81	6.73	3.46	6.77	4.52	2.81	6.98	6.91	7.46	8.2	7.14	1	4.86	5.52	6.21	1	7.36	1	7.74	6.17	2.32	6.63	4.81	7.5	1	1	5.88	5.93	6.87	3.32	4.64	4.17	7.13	1	1	3.46	5.04	2	5.46	6.52	8.19	1	4.17	1	1	6.34	5.58
U82169_at	8	8.65	8.45	6.73	8.95	6.64	8.04	9.45	4.32	6.7	7.86	1	9.58	7.49	8.97	8.14	10	7.39	6.46	7.37	8.28	8.7	9.83	10.06	7.69	8.32	8.8	9.36	9.52	9.72	4.64	9.45	7.47	9.73	6.23	8.57	9.68	7.24	8.66	1	7	7.57	7.82	7.58	7.77	6.94	7.3	8.55	7.46	4.32	7.42	5.09	5.83	7.58	8.69	1	8.37	1	8.35	8.59
Z11685_s_at	3.58	1	3.91	5.81	1	5.98	5.95	1	5.36	5.64	5.83	5.21	7.16	1	5.61	7.13	1	1	1	7.26	7.77	5.61	8.54	1	1	4.46	5.52	7.3	7.09	1	5.32	4.58	1	1	6.83	5.25	1	1.58	1	6.27	1	1	1	4.46	5.04	1	1	1	1	1	6.02	1	1	1	1	4.17	4.17	4.75	4.39	1
U66702_at	7.35	7.58	6.13	8.51	1	8.07	1	6.32	6.74	6.32	1	7.1	6.83	7.2	5.32	1	8.32	5	7.94	8.94	8.89	8.38	8.48	4.7	1	7.19	4.32	4.95	8	10.13	7.92	9.16	1	7.22	6.67	8.76	1	6.09	7.26	7.79	5.64	5.95	1	6.27	7.37	9.38	7.6	7.79	7.38	1	3	1	5.67	1	1	1	8.52	6.19	1	8.96
Y10262_s_at	2.58	6.89	1	6.87	1	5.83	5.04	1	1	6.36	5.29	5.04	5.49	3.91	3	3.7	4.81	5.36	1	1	8.52	3.7	1	6.63	1	5.95	6.19	6.39	1	1	6.77	1	5.83	5.93	6.3	1	4.91	1	1	6.99	6.61	6.73	6.46	1	5.04	7.31	6.52	1	2.32	1	1	4.64	3.7	1	1	4.17	6.17	1	2.58	1
HG2981-HT3125_s_at	7.02	1	5.78	4.7	1	1	1	6.38	1	1	1	4.91	6.54	1	7.57	1	1	7.49	4.75	1	3.17	4.46	6.36	1	4.95	8.2	1	6.57	1	1	1	6.3	1	6.63	7.64	6.32	7.26	1	1	7.06	1	6.34	5.93	1	1	1	1	1	1	5.32	1	3.17	3	1	1	1	1	1	1	6.25
D89052_at	9.3	10.09	9.62	10.57	1	9.39	10.22	10.98	9.45	8.26	8.96	11.14	9.11	11.71	8.57	7.17	11.07	9.39	9.63	9.89	10.67	10.71	10.31	2.32	8.45	10.38	9.96	7.92	10.32	11.25	9.82	10.11	10.12	9.95	10.49	9.65	9.48	6.48	10.66	11.3	10.5	11	9.17	9.7	11.06	10.39	1	12.49	9.24	8.16	7.72	9.64	6.87	10.6	9.09	1	7.21	11.89	6.29	10.66
S40719_s_at	9.76	11.57	11.56	12.51	13.48	12.54	11.38	12.59	11.1	12.11	12.57	13.45	10.44	11.13	13.99	10.42	13.29	15.51	12.75	11.36	15.31	12.89	12.32	16.11	10.59	14.08	11.05	11.53	12.23	12.82	12.8	13.83	10.65	11.81	11.83	12.83	15.39	11.36	13.04	12.28	10.18	13.83	10.99	9.67	12.43	13.24	10.05	10.55	13.65	8.15	11.25	13.47	11.81	11.84	9.81	12.17	10.31	10.11	10.29	14.61
U77968_at	7.99	1	6.46	9.08	1	6.04	1	8.92	8.13	7.67	6.29	9.12	1	8.18	8.4	1	9.29	7.61	7.38	7.35	8.73	8.99	9.45	1	5.25	9	5	1	8.94	1	8.6	1	1	1	8.21	8.64	1	5.09	8.9	8.84	5.09	8.67	7.97	4.95	7.33	10.01	1	1	1	3.7	9.06	1	1	8.95	7.29	9.06	1	1	4.39	6.91
D87258_at	8.88	9.74	9.22	10.15	11.52	7.19	8.64	10.78	9.25	8.15	7.78	9.37	7.16	9.61	9.24	8.6	11.16	10.54	9.75	9.58	10.97	10.21	10.63	11.72	6.95	11.07	9.05	8.45	10.59	9.19	9.18	10.96	9.7	10.25	10.29	9.48	11.51	6.99	9.21	11.36	10.01	11.33	9.86	8.44	10.32	12.89	8.19	11.87	10.12	6.78	6.55	9.01	7.32	7.58	6.21	8.55	8.7	10.36	9.43	11.31
X79200_s_at	3.46	1	5.78	1	1	1	5.21	4.7	1	1	1	5.78	4.95	1	6.04	1	5.13	1	3.7	1	6.46	5.86	7.2	1	1	1	1	1	4.86	6.73	5.78	1	1	4.17	1	6.71	1	1	5.73	1	1	1	1	1	5.17	1	1	1	1	1	1	1	1	1	1	1	1	3.81	4.86	1
K03008_cds1_at	1	1	7.06	1	7.99	1	1	5.43	1	1	1	1	1	1	5.61	1	1	1	1	1	1	1	1	1	7.62	5.83	1	1	6.04	1	1	1	3.32	1	1	1	8.12	1	6.48	1	1	5.36	6.75	1	1	1	1	1	1	1	1	1	1	1	1	1	1	1	1	1
L29306_s_at	3.81	2.32	5.29	1	4.25	1	6.43	8.53	4.32	3.7	6.27	1	5.49	3.32	6.04	1	7.06	5.95	8.25	5.67	10.15	6.95	6.36	8.56	1	8.26	1	1	1	6.27	5.25	1	8.99	1	1	6.09	1	1	6.44	10.78	1	8.2	8.76	3.46	3.7	5.36	1	8.26	1	1	1	5.58	1	1	1	1	1	4.81	5.73	6.67
S66793_at	5.86	1	4.46	8.64	1	1	5.73	6.91	1	1	6.83	6.52	1	1	7.28	7.02	8.21	1	4.75	1	10.9	1	7.73	8.66	5.36	6.44	1	1	7.48	8.36	6.17	9.07	5.91	6.97	3	1	5.86	5.75	6.27	1	6.87	8.17	1	1	3.91	1	1	1	1	1	6.07	1	1	5.04	1	1	6.87	1	4.86	7.3
X07315_at	8.31	6.82	8.6	8.77	9.2	8.5	7.17	8.72	8.86	4.52	8.86	8.57	1	7.73	8.03	8.16	9.5	8.67	8.93	9.02	7.97	8.37	9.54	8.12	7.1	9.03	7.29	8.96	8.06	8.59	7.79	8.65	8.08	8.18	8.02	9.52	8.8	7.95	9.04	8.79	9.29	8.96	8.71	8.21	4.25	10.03	6.71	8.14	7.71	6.91	7.15	8.76	7.46	9.83	1	7.18	1	7.73	8.39	9.28
K03021_at	3.32	6.23	1	1	11.21	7.31	1	1	1	1	7.18	1	8.76	1	8.1	1	1	1	6.95	8.97	8.5	1	7.73	10.04	7.45	6.83	5.36	1	1	8.03	1	1	5	1	7.93	1	1	1	8.48	8.72	1	1	1	1	1	8.34	1	1	1	1	2	1	1	1	1	7.57	1	7.93	1	1
M35531_at	1	8.15	7.88	6.7	8.25	5.64	7.95	9.08	7.33	6.77	7.71	7.51	1	6.98	3.46	7.71	6.46	7.71	7.92	7.56	9.22	6.79	8.99	9.17	7.47	7.74	1	1	8.22	9.14	1	9.41	8.58	7.34	7.62	6.38	8.6	8.08	1	6.86	6.7	6.89	7.66	7.25	7.14	1	1	1	7.38	7.28	7.66	7.77	1	1	3.91	6.41	1	6.75	8.19	8.22
M33600_f_at	9.5	10.93	9.53	8.18	5.25	8.04	7.99	9.87	8.96	1	7.79	7.73	7.29	9.83	1	9.08	9.67	10.06	8.37	1	8.88	10.44	10.43	6.55	10.27	11.2	7.52	1	9.4	8.67	9.16	9.65	9.95	9.72	11.05	8.75	10.04	8.87	7.02	10.06	10.93	9.95	7.34	8.74	8.62	7.61	1	6.19	9.12	7.02	9.85	9	1	1	1	8.08	8.31	8.87	11.14	10
J04513_at	6.92	1	5.21	1	1	5.04	5.78	6.69	1	1	3.7	5.21	5.29	3.46	2.32	6.91	7.84	7.06	1	6.7	6.46	4.25	7.94	6.29	5.39	4.25	1	1	6.7	6.66	2	6.81	4.32	1	5.21	6.09	7.29	7.2	5.09	6.64	4.39	6.54	1	4.7	5.83	1	4.25	1	6.29	1	1	5	1	6.38	1	1	1	4.46	3.32	6.25
S79639_at	8.53	8.31	9.35	4.17	6.66	8.57	5.78	8.72	8.74	7.53	7.4	7.97	8.43	8.61	8.03	9.11	9.66	9.58	8.81	8.56	10.09	9.35	9.15	9.91	8.48	8.26	9.03	7.21	9.38	9.6	7.47	8.32	8.66	9.79	8.9	8.15	8.93	7.92	9.07	9.92	8.8	8.99	8.5	6.43	9.12	8.97	5.04	9.79	8.64	8.06	8.93	7.54	7.9	1	9.26	8.71	1	9.4	9	8.88
M32011_at	2.32	8.46	5.67	1	8.5	1	4.09	3.7	7.78	5.04	7.47	7.46	6.11	6.69	8.05	7.88	1	8.69	5.04	8.18	8.56	7.84	6.85	7.2	2.32	5.29	7.55	7.3	7.37	6.17	1	4.58	7.16	5.98	7.17	1	8.61	4.09	4.46	3.7	3.46	6.32	6.3	6.13	7.23	1	7.24	1	7.53	3.7	1	6.11	6.19	1	5.29	4.25	7.01	1	4.81	1
M31169_s_at	8.76	6.07	9.71	7.02	8.88	8.86	8.33	8.68	9.25	7.78	8.75	9.21	8.32	7.34	7.83	7.69	9.16	8.68	9.41	7.74	8.35	8.79	9.01	8.3	7.24	9.15	8.87	8.72	8.78	9.39	8.13	6.95	7.75	8.22	9.13	9.08	8.67	8.27	8.39	9.2	8.78	8.61	8.91	9.01	8.33	9	7.48	9.07	8.22	7.69	6.98	7.88	8.5	8.19	1	7.85	8.58	8.83	8.63	8.26
U20758_rna1_at	8.37	7.5	8.1	8.12	10.19	10.09	7.23	6.44	10.9	9.65	4.7	8.91	7.79	10	7.73	6.67	5.7	8.52	5.98	5.13	7.16	8.15	8.2	8.01	1	8.87	5.58	8.65	5.39	8.06	7.54	9.12	11.09	5.04	11.67	4.09	11.25	6.36	6.86	6.58	8.4	9.28	7.64	5.81	6.77	8.82	7.52	4.81	10.37	1	1	7.53	4.75	8.71	3.46	9.18	5.49	8.95	7.26	7.32
U28049_at	7.76	8.45	8.1	6.92	1	6.91	6.6	8.69	7.22	7.16	8.21	6.86	6.79	7.61	8.77	5.88	6.46	7.52	7.62	7.81	8.29	7.84	8.75	9.34	4.7	4.39	6.73	1	8.25	5.73	1	8.57	7.29	6.32	8.28	7.61	8.96	5.46	8.29	8.9	7.12	8.07	7.51	5.78	7.37	7.31	1	8.03	1	1	7.88	5.04	1	9.81	4.75	8.49	8.05	6.64	7.56	7.35
U49082_at	8.5	9.24	8.94	8.7	9.27	8.41	8.18	10.63	8.11	7.64	8.72	8.6	9.28	9.11	8.79	8.7	9.07	9.88	8.4	9.88	11.46	9.83	10.5	10.66	8.68	9.41	8.43	9.16	10.28	10.08	8.18	9.99	8.56	9.42	8.98	9.55	9.32	8.89	9.37	9.67	8.52	9.87	8.93	8.48	8.46	9.03	8.06	9.38	8.69	5.55	8.97	8.28	6.34	8.46	9.94	9.4	8.95	8.93	8.71	8.95
HG358-HT358_at	8.64	9.64	8.79	6.36	8.69	8.2	9.21	10.29	8.48	7.85	9.21	8.43	9.69	8.42	9.56	9.31	10.25	9.89	10.07	9.55	10.66	8.5	10.76	10.65	8.84	8.67	8.66	9.99	9.22	9.84	8.72	8.92	9.01	9.03	9.12	9.74	9.58	9.07	9.09	10.13	8.4	8.73	8.75	8.2	8.46	9.04	9.49	9.08	8.07	8.34	8.87	8.11	1	7.76	8.11	9.15	10.65	7.22	9.52	9.8
D14826_s_at	6.52	7.31	6.39	5.39	7.42	6.82	6.54	6.32	6.67	6.3	5.73	6.46	6.99	5.83	6.88	6.86	6.27	5.13	6.61	6.55	8.12	7.23	5.43	7.56	5.52	4.64	5.43	1	7.43	8.5	1	8.14	6.58	6.46	7.37	5.52	7.03	6.41	4.91	7.74	6.38	6.51	4	6	7.45	7.2	6.04	7.81	5.88	5.43	2.81	6.34	7.28	1	3.46	6.89	1	6.21	5.21	6.99
U46569_at	8.52	9.66	8.88	9.54	9.14	8.7	8.78	9.4	8.75	7.92	9	8.59	6.21	8.54	9.56	9.52	9.46	9.21	9.1	9.39	5.98	9.2	10.37	9.95	9.07	8.76	8.97	10.47	9.93	9.64	7.9	9.58	7.75	8.8	8.44	9.1	10.13	8.36	9.1	9.36	6.67	7.68	8.22	7.58	9.31	10.94	9.19	8.9	8.86	7.04	1	8.8	9.31	8.97	8.08	8.59	10.18	7.08	7.81	7.5
X02152_at	13.14	9.82	13.11	12.01	10.98	11.72	11.61	12.89	11.5	10.92	12.03	13.24	12.76	11.37	9.91	10.81	13	10.87	12.11	10.58	11.92	12.58	11.81	9.88	7.58	12.08	12.74	11.05	11.55	12.05	10.51	11.16	12.5	13.07	12.97	11.62	11.83	9.98	10.91	12.03	10.83	12.37	12.12	9.83	12.5	12.87	9.84	13.66	11.24	10.54	9.57	10.69	9.93	12.28	9.6	9.38	9.02	12.38	10.47	12.04
U10473_s_at	1	4.7	6	1	1	6.46	6.09	7.85	1	1	6.64	4.64	1	4.17	3	2.58	1	6.02	7	1	4.95	6.51	4.75	6.63	1	6.61	1	4.39	5	7.31	5.61	1	4.75	1	1	6.78	1	1	5.04	1	4.95	5.32	5.36	3	4.32	1	1	1	4.32	5.93	1	1	3	1	1	1	1	1	6.15	4.32
U48861_at	1	7.82	1	1	1	1	1	1	1	1	1	1	9.69	1	1	1	7.64	6.88	6.55	1	1	1	1	9.56	1	1	10.23	1	7.58	1	7.81	1	1	1	1	1	1	8.64	4.17	1	1	1	1	1	1	1	1	1	1	1	1	1	1	1	1	1	1	1	1	1
D00762_at	8.25	8.27	9.08	4.95	7.83	7.67	8.08	8.51	8.68	7.58	8.12	9.94	8.11	9.85	8.4	9.24	7.72	8.22	7.39	10.04	9.32	9.18	7.94	8.85	8.4	7.79	8.44	8.49	8.92	8.58	8.9	9.17	8.15	9.4	10.4	7.34	8.48	4.32	8.71	10.26	9.71	9.58	8.15	9.53	9.96	9.84	1	10.63	9.16	7.41	7.74	8.16	7.78	1	6.82	9.28	8.19	10.42	8.8	7.6
D90279_s_at	1	1	3.46	7.3	8.42	1	1	7.83	1	1	1	1	7.24	1	1	1	5.61	6.99	9.99	1	4.25	7.38	5	1	1	9.05	1	1	1	1	7.3	1	7.7	1	7.81	9.48	1	6.48	4.91	11.13	6.38	8.57	8.54	1	1	1	1	1	1	1	1	1	1	1	1	1	1	1	7.98	9.01
HG1879-HT1919_at	8.39	8.2	8.02	8.57	8.88	8.52	7	8.98	8.02	6.94	7.34	8.41	5.73	8.13	8.65	8.57	5.13	8.45	8.5	9.07	9.59	8.38	7.91	8.95	6.54	8.55	6.99	9.05	7.25	8.63	6.17	8.76	8.73	8.84	9.71	8.48	9.2	7.8	8.54	10.21	8.2	8.17	8.44	7.58	8.97	9	1.58	9.45	7.95	6.95	7.72	7.79	6.6	8.28	7.1	7.25	7.68	8.4	8.64	7.5
L78440_at	7.17	9.24	8.82	8.86	4.25	8.79	8.04	9.55	8.05	6.79	8.72	8.36	8.93	9.01	8.78	8.84	9.97	9.26	9.71	9.7	9.74	8.57	10.19	10.19	7.9	8.55	8.79	9.18	8.29	9.41	8.01	9.3	9.26	8.97	8.74	9.27	10.15	8.35	9.36	9	8.64	8.19	7.36	7.64	8.56	9.82	8.53	8.15	7.83	7.95	9.53	8.54	8.31	10.15	1	9.24	9.96	1	9.04	7.95
J03925_at	5.55	5.36	5.29	2.32	1	1	3.46	6.07	1	1	1	5.75	1	4.25	5.91	6.51	1	1	1	5.55	5.55	1	1	5.17	1	1	1	6.99	1	6.17	1	1	1	1	6.58	5.81	1	1	4.17	1	5.43	6.39	1	4.7	4.64	1	1	1	1.58	4.75	1	1	1	1	1	1	1	1	6.54	1
D25303_at	7.29	8.77	7.47	1	1	7.07	6.15	9.15	7.15	4.09	6.52	7.91	4.7	6.97	8.75	8.74	7.92	1	7.38	8.6	7.71	9.01	9.22	7.2	7.48	5.78	7.55	7.79	7.58	9.55	6	1	8.12	7.6	8.36	7.58	7.69	6.3	3.32	9.06	7.31	7.35	7.86	7.96	7.5	4.32	4.86	7.54	8.11	5.7	7.38	5.04	5.43	8.92	1	4.46	1	7.76	6.91	1
U90543_s_at	8.16	8.07	7.21	7.43	7.37	8.12	7.39	7.58	7.15	7.71	5.61	8.06	8.39	7.73	8.71	8.21	8.78	6.15	8.39	9.49	9.14	9.04	9.96	9.49	6.91	6.04	8.07	7.3	7.92	7.31	7.25	9.53	7.56	9.02	8.51	7.61	9.23	7.56	9.11	8	8.51	7.99	7.66	8.2	8.45	10.23	9.16	9.32	7.75	6	7.73	7.3	6.6	7.46	1	7.52	8.03	5.91	8.83	7.77
S45630_at	8.89	8.65	10.35	11.38	11.65	10.09	9.16	10.69	10.32	11.59	10.13	12.62	8.41	10.53	10.19	7.97	11.47	12.22	11.68	10.92	11.66	11.14	11.15	13	10.7	12.11	10.06	10.91	10.08	12.57	10.58	11.81	10.95	9.71	12.03	11.2	13.09	10.63	9.84	10.97	9.9	10.69	10.27	10.84	12.44	10.94	8.37	10.09	10.75	8.03	11.03	10.73	9.16	11.71	9.27	11.39	9.71	9.44	8.76	11.49
L20815_at	6.55	9.43	7.76	6.41	5.83	7.12	7.67	9.16	8.99	6.58	7.64	7.97	8.71	8.99	9.39	9.43	9.06	8.51	7.96	9.66	10.02	8.64	9.58	9.55	8.22	7.81	7.27	1	7.58	7.69	7.12	9.06	8.09	9.21	8.89	7.17	9.22	7.13	9.07	10.04	8.65	8.4	6.49	8.12	8.9	9.26	5.52	9.85	8.33	5.98	8.08	7.32	1	9.09	4.75	8.95	7.83	7.39	7.29	7.23
L04490_at	9.04	7.34	9.82	8.11	1	8.02	9.8	7.91	8.1	8.46	8.62	9.76	1	8.84	8.63	5	7.14	8.83	7.47	12.13	8.39	7.13	8.18	1	7.55	9.48	8.99	7.86	9.37	8.96	8.77	7.53	7.88	9.42	7.87	8.31	8.43	1	8.08	7.2	7.67	10.4	8.68	6.7	7.33	9.52	1	10.77	8.26	8.57	5.83	8.63	5.52	1	7.72	1	1	10.05	7.86	8.46
X56494_at	12.39	11.05	11.72	11.38	11.71	10.94	11.64	13.67	11.5	10.1	11.64	12.42	12.68	13.6	10.45	11.15	13.54	12.23	11.32	11.92	12.91	13.78	13.13	12.76	10.77	11.33	11.56	12.48	11.14	12.39	11.03	11.74	12.21	12.73	12.4	10.99	14.22	9.07	13.89	12.21	12.58	13.6	10.74	11.27	13.38	14.19	10.27	13.87	11.72	10.33	10.75	10.82	10.58	11.73	9.6	11.24	10.6	12.33	10.46	13.2
X92098_at	8.54	7.27	8.01	7.45	6.46	8.11	8.56	8.2	8.7	5.49	6.71	10.21	7.85	9.65	8.94	8.39	8.26	8.69	8.74	9.75	8.02	9.36	7.66	1	7.59	9.88	8.13	9.24	9.17	8.92	7.16	6.89	8.06	9.18	9.58	8.57	8.5	7.07	7.64	10.53	9.07	8.69	9.25	8.96	8.88	9.2	1	10.88	9.13	7.99	7.48	7.01	7.35	1	6.04	9.19	6.78	7.86	8.26	8.94
U09303_at	7.2	8.22	7.57	6.7	8.09	8.52	8.21	9.14	8.69	4.7	8.17	8.57	7.62	8.49	8.77	8.16	9.06	7.65	7.27	9.22	8.89	8.18	9.88	9.82	8.24	7.99	8.22	10.54	8.43	9.35	7.12	9.91	7.83	8	9.27	7.77	9.46	7.51	8.5	9.82	8.99	7.8	8.3	8.17	9.09	11.41	7.63	10.3	8.19	6.64	8.85	7.29	7.02	7.07	7.58	9.36	1	7.37	8.27	8.47
M80482_at	10.13	7.87	6.36	8.15	8.28	6.98	5.29	7.07	7.75	6.11	7.64	8.18	6.87	7.41	8.75	8.44	8.38	8.98	7.99	7.73	8.74	7.26	8.1	8.95	7.63	7.42	7.31	8.4	7.32	7.22	2.58	6.78	7.7	5.36	8.39	6.63	8.35	6.99	7.85	8.99	7.91	7.14	7.43	7.51	8.39	8.49	1	8.79	7.95	5.7	7.7	7.12	5.75	1	6.97	8.93	7.99	7.1	7.67	7.95
X77197_at	6.27	5.52	7.47	7.36	8.12	7.48	5.88	7.65	3.32	1	5.7	7.14	6.69	7.2	6.17	7.47	7.67	8.1	7.39	8.87	9.7	9.02	7.7	9.37	6.13	8.66	8.05	9.57	8.74	9.83	6.09	9.14	7.1	9.24	7.1	8.87	9.82	6.73	8.38	9.47	6.49	8.93	7.39	6.15	9.09	9.97	1	10.05	7.4	7.48	5.83	6.69	5.83	1	8.25	7.33	5.81	8.82	6.66	6.93
X68994_at	6.11	7.9	3.46	1	6.99	5.32	5.39	5.91	6.92	1.58	6.73	5.75	5.21	6.75	7.23	7.1	6.77	7.42	6.86	7.29	7.97	7.43	8.04	9.09	5.98	6.69	6.75	9.24	7.32	7.86	5	1	6	5.04	7.58	7.54	8.47	1	6.92	8.9	7.85	6.98	1	5.78	7.36	9.02	1	1	6.32	1	6.29	5.88	7.42	7.97	1	7.54	7.62	1	7.08	6.67
Y09216_at	7.35	8.81	10.05	9.28	8.77	8.97	8.58	10.1	9.27	8.35	7.91	9.18	9.41	9.17	9.04	9.39	8.04	8.72	8.14	10.31	6.91	8.92	9.29	8.41	8.43	9.29	9.84	9.02	8.68	9.92	8.79	9.04	8.46	9.24	9.7	8.37	10.18	8.56	8.37	10.14	9.31	10.34	9.27	8.21	10.59	9.65	8.78	10.86	8.77	8.35	8.33	7.58	7.67	9.74	1.58	8.47	8.35	9.06	9.04	8.21
U61538_at	2.58	6.23	6.04	1	1	5.64	5.21	7.81	1	1	6.44	3.7	6.57	5.49	3	1	7.64	6.46	4.39	6.36	7.75	6.7	5.25	1	1	4.86	5.43	8.65	6.17	8.5	4.86	7.64	5.13	6.99	5.13	6.82	8.37	6.36	7.29	1	6.27	7.55	1	1	6.02	7.37	7.91	1	4.86	6.04	1	6	1	1	5.13	1	1	1	7.35	5.04
M80629_at	7.81	8.31	8.02	8.9	8.93	8.57	8.37	9.3	8.62	7.51	8.03	8.83	8.66	8.78	9.11	9.12	9.54	9.27	9.12	9.54	9.33	8.74	9.5	8.95	8.25	7.93	8.89	9.94	8.76	9.44	8.4	9.17	8.35	9.47	8.87	7.52	9.16	8.58	7.92	9.64	8.29	9.34	8.25	8.18	8.12	9.94	8.11	9.55	8.46	8.54	8.81	7.58	8.07	8.56	1	8.96	9.47	7.21	8.54	8.67
X98260_at	8.51	7.85	9.18	7.15	9.55	8.28	8.81	8.54	9.04	8.83	8.32	9.27	9.35	9.45	7.64	9.1	9.36	8.81	8.74	9.45	9.71	8.99	9.55	8.37	8.42	8.04	8.29	9.18	7.71	8.38	9.05	7.67	8.63	8.06	9.13	8.72	9.88	8.2	9.12	8.84	8.82	9.46	7.66	8.57	9.44	9.7	7.87	9.07	8.2	8.27	8.44	8.29	7.9	1	7.43	8.85	8.79	9.56	8.82	8.89
M24461_at	4.25	7.43	2.58	6.97	6.11	5.46	5.95	1	7.29	1	5.7	1	4.52	6.64	1	7.32	1	1	1	5.83	6.19	5.49	1	5.17	5.25	1	5.91	7.57	6.7	5.86	4.52	8.01	5	5.36	5.64	1	1	7.07	2	1	5.73	5.36	1	2.58	7.13	1	1	1	5.98	1	4.95	4.25	1	1	1	3.46	1	5.67	6.95	1
HG2175-HT2245_s_at	8.67	3.7	6.36	7.02	8.79	8.94	7.54	8.12	7.95	6.57	7.29	5.52	7.62	5.17	9.5	9.62	6.57	7.49	7.09	9.85	9.57	7.67	8.91	8.03	8.49	8.42	8.01	9.59	8.14	8.42	6.98	7.55	6.86	7.69	9.67	7.28	9.07	7.17	7.47	9.36	9.22	8.72	7.62	8.46	8.79	8.03	7.42	9.7	7.41	7.35	7.87	7.61	7.76	8.15	1	1	8.37	8.69	6.74	6.99
X78925_at	7.75	1	6.3	7.02	8.09	7.46	7.21	7.02	4	5.67	6.25	7.12	7.22	6.23	6.27	7.83	8.41	8.25	8.21	8.18	6.66	8.17	8.62	6.19	5.17	7.19	7.31	8.89	7.34	8.36	6.09	7.42	7.04	7.81	8.13	7.78	7.29	1	6.49	6	7.48	7.73	7.21	7.28	8.68	7.52	8.29	7.21	7.16	7.06	6.63	6.41	3	5.04	5.52	1	6.92	1	8.11	8.01
U25750_at	7.42	9.46	6.63	6.64	1	6.85	6.3	8.55	8.43	7.44	7.95	8.6	7.97	8.45	9.5	9.34	8.61	8.94	6.44	8.91	8.98	8.96	7.85	9.43	8.49	7.75	7.31	1	6.91	8.81	7.42	9.48	8.26	8.87	9.06	7.83	9.07	8.1	8.58	10.06	8.8	8.83	7.47	8.14	9.18	10.09	1	9.76	8.16	7.71	8.07	6	7.61	1	3.91	9.73	8.3	7.63	8.7	6.7
M89473_at	6.73	8.11	8.34	7.72	9.03	7.28	6.7	9.01	6.48	6.32	7.71	7.3	8.6	7.29	8.32	7.4	8.15	8.41	8.49	7.86	9.02	8.1	8.07	9.12	6.41	7.44	7.42	7.65	8.38	5.58	3.81	7.74	7.92	7.67	7.85	7.98	9.27	8.51	8.74	8.24	7.22	8.37	8.22	7.1	6.51	9.7	8.89	7.06	6.91	6.64	7.32	4.58	1	9.9	1	8.39	9.26	6.54	8.27	8.51
L10123_at	5	6.41	6.3	7.67	8.62	6.39	6.85	1	5.83	4.86	6.43	5.7	4.7	4.17	7.46	6.48	1	1	6.15	6.83	7.55	6.51	5.91	8.03	7.38	3.91	5.52	1	7.82	7.4	2.58	7.3	5.64	4.95	4.64	6.66	1	7.33	6.02	3.46	4.25	6.94	5.17	4.09	6.07	7.69	6.71	5.49	3.46	1	1	5.58	6.25	1	5.13	7.38	7.92	1	1	5.58
X51345_at	9.34	8.39	9.27	9.39	9.68	5.91	7.54	8.23	9.12	9.09	7.67	12.18	9.38	9.25	9.02	7.4	6.61	10.8	9.22	9.97	9.01	11.16	9.66	7.67	9.19	10.13	9.5	1	8.86	1	9.44	9.34	8.27	9.59	11.01	10.12	10.42	9.15	7.24	11.4	8.75	11.39	7.54	8.51	9.67	10.85	1	10.2	9.29	6.44	7.71	5.81	1	9.42	10.04	8.33	1	11.33	8.54	12.35
M19650_s_at	8.04	7.88	8.59	7.69	9.46	6.39	8.16	8.81	8.43	6.57	8.25	10.3	8.19	8.74	9.05	8.6	10.17	9.24	8.08	8.48	10.61	9.56	11.15	10.47	8.26	8.04	7.81	7.48	8.86	9.37	7.45	10.59	7.92	8.19	8.73	7.52	10.26	6.23	8.65	9.18	8.86	8.43	7.12	9.08	7.67	11.09	8.14	9.17	8.85	7.25	8.4	8.42	7.46	8.07	1	8.74	7.92	7.88	8.53	8.27
M63379_at	13.55	12.24	11.71	12.77	13.58	12.64	11.74	12.91	9.61	12.54	13.43	13.35	9.29	10.77	13.45	8.88	13.65	15.7	13.77	13.53	13.88	12.93	12.64	15.79	10.33	14.24	10.58	11.25	12.51	13.36	12.37	14.09	12.82	12.64	12.89	14.45	15.71	11.07	12.18	14.14	10.7	14.1	13.81	9.88	12.08	13.16	11.09	10.31	14.25	9.2	11.61	14.45	12.7	12.7	10.75	12.11	9.66	10.14	9.14	14.34
J03241_s_at	8.54	8.83	10.12	10.37	9.01	7.55	8.04	11.36	8.25	7.12	7.79	10.26	9.13	10.53	8.82	8.04	10.95	9.54	9.78	9.73	9.26	11.69	11.9	11.23	6.3	9.71	9.62	8.69	10.57	9.23	11.31	10.3	8.35	11.44	10.43	10.17	11.75	6.77	10.71	8.42	9.28	11.73	9.07	10.45	11.38	11.75	9.29	10.84	7.86	7.25	8.3	7.79	9.16	8.28	7.17	9.16	8.69	11.01	8.72	9.22
U65416_rna1_s_at	8.22	10.25	8.82	9.24	9.83	7.74	8.3	9.47	9.19	6.97	8.82	8.92	9.13	7.73	9.34	9.12	9.8	9.49	8.6	9.53	9.98	8.99	9.83	10.35	9.18	8.6	8.23	10.14	7.87	8.95	7.54	9.91	8.72	9.37	8.75	9.71	9.11	8.03	9.52	9.96	8.48	8.88	6.63	8.62	8.59	9.07	5.61	8.92	8.4	7.14	8.66	8.09	9.17	8.28	6.36	9.22	9.48	8.12	9.41	8.89
X56807_at	5	1	2	6.15	4.25	5.81	7.08	4.7	5.83	2.58	4.81	4.91	6.3	5.86	6.23	5.32	5.81	5.13	7.19	1	5.09	6.92	7.66	7.2	6.11	5.75	1	3.32	1	6.79	4.52	6.85	2.58	4.58	3.91	6.46	7.12	3.32	5.17	7.11	5.04	4.95	1	4.7	5.7	6.36	4.86	5.49	4.25	4	4.75	4	1	8.15	5.43	1	1	1	1	6.15
X97671_at	4.91	1	3	1	5.64	5.55	2	7.23	1	1	4.81	4.25	1	4.09	7.69	5.98	1	6.02	6.3	4.09	7.93	1	7.81	6.78	1	1	2	1	6.87	7.63	8.29	9.41	6.07	3.81	6.07	5.7	6.77	6.17	3.32	1	4	5.98	1.58	3.7	4.64	3.7	1	1	1	5	1	5.98	6.02	8.28	1	1	5.91	1	1	1
U19557_s_at	6.67	7.99	7.02	7.63	8.06	7.28	6.39	7.44	6.75	5.36	6.64	7.55	6.73	7.55	8.1	7.65	8.8	7.54	6.23	8.09	8.38	7.17	8.23	9.34	4.58	6.57	7.63	8.61	6.41	8.86	7.25	8.01	6.21	8.31	7.58	8.39	9.14	6.36	8.46	7.55	8	7.8	7.66	6.55	7.77	7.88	1	7.94	7.22	5.46	6.66	6.54	7.95	6.97	6.71	7.48	8.38	6.54	8.36	6.04
J04173_at	11.15	10.94	10.85	9.72	10.87	11.44	10.12	10.41	11.07	9.17	10.94	12.13	9.79	10.67	10.37	10.68	11.13	11.29	9.69	11.8	12.24	11.69	10.8	11.07	10.65	11.31	9.29	10.06	11.54	11.76	9.43	11.75	11.3	11.32	11.77	10.87	11.78	9.01	9.29	12.18	11.76	10.78	10.01	10.54	11.27	12.04	9.94	12.7	10.89	9.07	10.42	10.07	10.41	10.77	8.76	10.64	7.09	10.95	9.82	10.77
U67092_s_at	10.49	10.54	10.15	11.32	10.82	8.99	10.65	12.18	10.36	9.37	11.44	9.8	10.57	10.32	10.19	10.11	12.12	11.63	10.46	11.22	11.72	11.42	12.57	12.35	10.44	10.83	9.51	10.96	11.04	11.45	10.6	12.3	11.39	11.3	11.26	10.63	11.87	11.18	11.57	11.87	10.71	11.41	10.5	10.2	10.92	12.09	9.55	10.84	10.32	10.22	11.37	10.48	10.82	9.62	6.6	11.03	10.62	9.29	11.82	11.5
