Patient	14540	14598	14599	14600	14601	14715	15008	15009	15077	15116	15117	15118	15233	15270	15284	15295	15299	15767	15769	15772	15774	15779	16013	16016	16019	16022	16025	16250	16251	16252	16253	16254	16255	16256	16257	16258	16259	16363	16366	16368	16369	16370	16372	16519	16520	16525	16527	16554	16559	16560	16594	16596	16598	16599	16601	16602	16603	16707	16709	16711	16712	16713	16715	16864	16866	16867	16868	16924	16946	16948	16950	16952	16989	16991	16992	16994	16996	17074	17075	17076	17077	17078	17079	17159	17160	17266	17327	17328	18168	18169	18170	18172	18174	18215	18217	18219	18220	18221	18222	18372	18375	18376	18377	18378	18379	18380	18381	18508	18509	18510	18513	19066	19211	19470	19474	19482	19486	19535	19538	19637	19638	20204	20205	21027	21029	21033	21035	21271	21272	21273	21465	21469
	0	0	0	0	0	0	0	0	0	0	0	0	0	0	0	0	0	0	0	0	0	0	0	0	1	1	1	0	0	0	1	1	1	0	0	0	1	0	0	0	0	1	0	0	0	0	0	0	0	0	0	0	0	0	0	0	0	0	0	0	0	0	0	1	1	0	0	0	0	0	0	0	0	0	0	0	0	0	0	0	0	0	0	0	0	1	0	0	0	0	0	0	0	1	0	1	1	0	0	1	1	1	0	0	0	0	0	0	0	0	1	0	0	0	1	0	0	1	1	0	0	0	0	1	1	1	0	1	1	1	1	1
22004	-1.46	-1.13	-0.37	-0.07	-1.69	-1.18	1.04	-0.82	-1.68	0.56	0.5	0.58	0.56	-0.08	-0.03	-0.75	-0.74	1.27	0.14	0.51	0.38	1.02	0.23	-0.2	1.89	1.51	1.88	-0.17	0.79	0.48	1.37	1.31	1.21	0.68	-0.78	-0.39	0.85	-0.65	-0.78	-0.22	0.41	0.84	0.15	0.16	0.14	0.03	-1.08	-0.85	-0.21	-0.78	-0.15	-0.2	0.12	-0.71	0.46	0.58	0.32	-0.31	0.06	0.31	-1.42	-0.03	0.32	-0.7	-0.17	-0.35	0.47	0.01	-0.17	1.83	-1.11	0.48	-0.16	-0.4	-0.02	0.15	-0.26	-0.07	0.2	0.07	0.71	-0.42	0.6	-0.1	0.7	0.45	-0.1	0.57	-0.11	0.24	0.31	0.07	-0.24	-0.74	-0.48	0.13	-0.85	0.2	0.16	0.97	1.13	2.16	-1.85	-1.8	-1.78	-1.33	-2.12	-0.55	-0.45	-1.11	2.29	-0.41	-0.14	-0.69	0.31	-0.16	0.25	-0.11	0.19	0.19	0.11	-0.75	1.88	1.73	1.3	0.84	1.55	0.76	1.09	1.62	1.01	1.52
34604	1.17	0.06	-1.46	-0.38	0.74	0.57	0.98	0.43	0.66	-0.93	-0.32	0.19	-0.16	-0.35	-0.55	0.63	0.6	0.34	-0.34	-0.24	-0.31	-0.2	-0.02	0.58	2.7	1.92	2.41	-0.39	-0.16	0.28	1.89	2.61	2.01	1.36	-0.25	-0.54	2.15	-0.62	-0.62	0.05	0.27	1.91	0.81	-0.98	-0.15	-0.43	-0.37	-0.72	-0.71	0.55	-0.64	-0.52	-0.38	-0.96	-0.64	1.23	-0.21	-0.2	-0.64	-0.19	0.96	0.93	-0.21	-0.17	-0.4	-0.77	-2.22	1.34	0.38	0.28	0.38	-0.56	-0.57	-0.35	-0.12	-0.2	1.04	-0.75	-0.03	-0.74	0.51	-0.53	-0.38	-0.5	-0.46	1.58	-0.27	-0.83	-0.32	-0.4	-0.17	-0.22	-0.14	-0.45	-0.91	-0.44	-0.39	0.14	-0.19	1.94	2.57	2.7	1.4	-1.46	-0.7	0.64	0.26	1.09	-2.13	-1.48	3.17	-0.54	1	-0.42	-0.55	-0.46	0.15	-0.09	-0.33	0.32	0.11	-1.19	0.16	1.56	0.08	1.22	2.46	-0.33	0.29	0.41	0.63	0.38
35480	-0.04	-0.85	-0.91	-0.8	0.05	0.11	-0.12	0.03	-0.18	-0.9	-0.37	0.07	-0.17	-0.32	-0.53	0.21	0.43	-0.34	-0.31	-0.28	0.87	0.61	-0.77	-0.22	1.27	1.17	0.49	-0.63	-0.72	0.39	0.02	0.83	0.62	-0.67	-0.03	-0.17	1.15	-1.06	-0.69	-1.44	-0.05	0.32	0.78	-0.85	-0.06	-0.41	-0.73	-0.68	-1.1	0.77	-0.82	-0.61	-0.63	-0.82	-0.06	0.8	-0.26	-0.88	-0.42	-0.7	0.14	-1.65	-0.56	-0.05	-0.66	0.01	-0.65	0.29	0.41	0.2	0.09	-0.72	-0.55	-1.12	-0.16	-0.66	0.06	-0.5	-0.54	-0.78	-0.21	-0.75	-0.68	-1.02	0.23	-0.09	-0.22	0.2	-0.52	-0.49	0.05	0.27	-0.61	-0.42	-0.73	-0.52	-0.15	-0.48	-0.18	0.85	1.9	0.22	-0.14	-0.58	-0.88	-0.57	-1.04	-1.16	-0.55	-1.61	1.13	0.23	0.12	-0.01	1.04	-0.11	-0.09	1.35	0.76	-0.09	-0.51	-0.73	-0.42	0.73	-0.07	-0.48	0.22	0.43	0.66	0.08	0.49	0.05
39605	-0.03	-0.6	-0.43	-0.56	0.16	0.01	0.41	-0.33	0.08	-1.06	-0.37	-0.11	0.23	-1.35	-2.59	-0.11	0.65	-0.91	-1.22	-1.82	0.26	0.24	-2.71	0.06	1.54	1.01	0.75	-1.11	-0.53	0.05	0.53	0.87	0.35	-0.36	-0.31	-0.24	0.78	-0.96	-1	-0.29	0.06	0.19	0.25	-1.48	-0.2	-0.46	-0.6	-1.05	-1.19	-0.06	-1.1	-0.67	-1.26	-1.48	-0.45	1.24	-0.36	-1.41	-0.06	-0.68	0.07	1	-0.65	0.1	-0.81	-0.35	-0.72	0.56	0.06	0.32	-0.44	0.02	-2.38	-0.97	-0.6	0.06	0.56	-1.74	-0.68	0.09	-0.51	-0.79	-0.32	-1.31	0.03	-0.23	-1.24	0.77	-0.71	0.18	-0.27	-0.86	-0.73	-0.73	-1.16	-1.64	-0.78	-1.46	-1.07	0.6	0.94	0.93	0.36	-0.6	-0.44	0.32	-0.18	-0.22	-0.12	-0.78	1.19	0.23	-0.02	0.4	0.68	0.01	-0.39	1	1.05	-0.56	-0.37	0.34	0.26	1.04	0.85	0.86	0.48	0.95	0.89	0.85	0.57	1.08
27359	0.52	0.72	0.41	0.19	0.42	1.56	0.26	0.64	1.48	-0.53	-0.57	-0.18	-0.72	-0.29	-0.24	0.95	2.08	-0.61	-0.26	-0.28	0.15	0.52	-0.53	-0.32	1.93	1.76	1.63	-0.21	0.51	0.26	0.77	1.81	0.64	0.13	0.89	0.87	1.23	-1.24	-0.68	-0.54	-0.23	1.49	-0.26	-0.84	-0.11	-0.24	-0.24	0.37	-0.33	0.52	-0.26	0.27	0.77	-0.15	-0.23	0.15	0.25	-0.13	-0.43	0.23	0.98	0.67	0.03	-0.86	0.07	0.91	-0.11	1.2	0.51	0.98	0.55	0.53	-0.29	-0.72	0.3	-0.19	0.47	0.32	0.4	-0.38	0.76	0.05	-0.14	-0.44	-0.38	0.68	-0.81	-0.29	-0.22	-0.03	0.02	1.42	1	-0.13	-0.12	-0.09	0.1	-0.35	0.18	1.79	2.29	1.63	1.1	1.35	-0.23	-0.32	-0.39	0.57	0.21	0.76	1.86	-0.64	-0.91	-0.59	0.32	-0.81	0.35	0.94	-0.36	0.45	0.58	-0.68	0.39	1.77	0.99	1.49	1.16	0.92	2.43	1.4	1.68	1.12
4855	0.44	0.32	-0.3	-0.03	-0.43	0.11	0.43	-0.21	-0.03	-0.72	-0.8	-0.18	-0.1	-0.16	-0.33	-0.75	-0.26	-0.01	-0.07	-1.13	0.03	-0.84	-0.18	-0.95	1.44	0.95	1.23	-0.18	-0.07	-0.15	0.51	1.03	-0.12	-0.59	0.03	0.04	0.34	-1.41	-0.3	-0.2	-0.09	0.92	-1.17	-0.87	0.35	0.05	0.05	0.28	-0.59	1.15	-0.5	0.07	-0.89	-0.5	-0.87	0.39	-0.86	-0.56	-1.04	0.4	0.06	0.46	0.57	-0.52	0.02	-0.03	-0.44	0.69	0.74	0.54	0.06	0.08	-0.26	-0.34	-0.1	-0.3	0.49	-0.09	0.06	0.16	0.47	-0.29	-0.1	-0.05	-0.63	0.21	-1.11	-0.61	0.13	-0.47	-0.08	0.06	-0.86	-0.4	-0.2	0.06	0.18	-0.23	-0.49	1.85	1.22	1.15	0.69	-0.81	-0.03	-0.47	-0.24	1.01	-1.61	-0.59	1.15	-0.93	-1.64	0.18	-0.01	-0.07	0.62	1.52	0.96	0.35	-0.07	0.27	0.94	0.78	0.61	0.47	0.89	0.62	0.54	0.97	1.07	0.44
4689	-0.18	-0.24	-0.03	0.5	-0.39	0.68	0.66	-0.48	-0.18	-0.99	-0.32	-0.38	-1.05	-0.75	-0.56	-0.83	-0.1	-0.81	-0.1	-1.4	0.38	0.32	-0.14	-0.37	1.04	0.67	0.27	-0.5	-0.56	-0.02	0.28	1.17	0.25	-0.56	-0.82	-0.78	0.85	-1.27	-1.54	-0.47	-0.69	0.31	0.12	-0.56	-0.89	-0.53	-0.14	-1.28	-0.01	-0.2	-1.44	-0.81	-1.09	-0.65	-0.49	-0.53	-0.47	-1.09	-0.85	-0.61	0.69	0.36	0.6	-0.63	-0.58	-0.52	1.24	0.8	-0.34	-0.81	-0.62	-1.29	-0.43	-0.57	-0.93	-0.26	0.02	-0.81	-0.72	-0.74	-1.03	-0.69	0.4	-0.82	-0.56	-0.31	-0.81	-0.46	-1.02	-0.71	-0.57	-0.22	-1.48	-0.62	-0.65	-0.49	-0.64	-0.69	-0.64	0.75	1.82	0.32	-0.26	-0.07	0.01	-1.62	-0.43	0.01	-0.56	-0.53	0.36	-1.76	-2.13	-1.48	-0.86	-1.41	0.65	-0.35	-0.29	0.33	0.21	-1.06	1.01	1.26	0.94	1	1.22	1.22	1.7	1.53	1.63	1.15
28263	-1.11	-1.72	-1.7	-0.37	-1.56	-0.81	0.36	-1.14	-0.68	-0.46	-0.66	0.21	1.09	0.17	-0.56	-1.03	-1.23	0.53	-0.61	-0.52	-1.42	-1.04	-0.2	-1.26	0.9	0.67	0.19	-1.72	0.21	-0.15	-0.32	0.2	-0.1	-0.77	-1.27	-0.97	0.42	-0.33	-0.44	-0.07	1.15	0.2	-0.77	-0.92	0.45	0.21	-0.32	-0.8	-0.05	-1.08	-0.93	-0.89	0.05	-0.63	0.33	-0.81	-1.02	0.83	0.78	-0.63	0.25	-0.45	-0.21	-0.33	-0.14	-1.04	-0.82	-0.79	-0.34	0.01	-1.36	-1.04	-1.36	-0.93	0.52	-0.95	-0.42	0.5	0.62	0.09	0.86	0.73	0.16	-0.35	-0.58	-0.92	0.78	-0.46	-0.27	0.53	0.8	0.32	-0.11	0.22	-0.72	0.4	0.36	-0.22	0.59	0.88	0.76	0.47	-1.46	-0.77	-1.5	-1.32	-2.67	-0.22	-1.55	-2.36	0.76	0.3	-0.51	1	-0.02	-0.75	0.78	0.69	0.6	0.68	0.42	-0.24	1.42	1.81	1.15	1.46	1.46	1.71	1.62	1.7	1.19	1.66
38490	-0.44	-0.76	-1.8	-1.84	-1.16	-0.37	-0.04	-0.23	-0.09	-2.18	-1.4	-0.27	-0.45	-1.03	-1.14	-1.19	-0.02	-0.92	0.14	-1.33	0.66	-0.6	-0.55	-0.88	0.92	0.69	0.4	-1.08	-0.95	-1.66	-0.1	0.36	0.28	-2.07	-1.06	-0.69	0.77	-2.28	-1.62	-1.23	-1.27	0.88	-0.84	-2.17	-0.56	-0.69	-1.04	-0.71	-1.41	-0.55	-1.46	-1.49	-1.2	-1.7	-1.36	-1.34	-1.76	-1.35	-1.57	-1.44	-0.04	-0.87	-1.59	-0.89	-0.94	-0.67	-1.15	-0.17	-0.32	-0.37	-0.81	-1.55	-1.13	-0.56	-0.65	-1.21	1	-1.64	-0.18	0.02	-1.5	-1.49	-0.91	-2.09	-0.91	-0.36	-0.73	-1.12	-1.06	-0.75	-0.95	-0.19	-0.96	-1.57	-0.57	-0.5	-1.23	-0.21	-0.66	0.29	1.03	0.76	-0.31	0.21	-0.75	-1.13	-0.94	-1.65	-1.76	-1.93	1.11	1.03	0.45	1.04	0.08	-0.09	0.07	1.89	1.32	0.35	0.72	2.07	0.13	1.8	1.24	0.07	1.68	0.71	-0.28	-0.11	-0.02	-0.03
30831	0.32	-0.29	-0.68	-0.04	0.57	0.49	0.73	0.22	0.65	-3.69	-1.47	-2.64	-2.75	-2.6	-1.72	0.36	0.69	-4.74	-3.55	-4.88	1.27	1.01	-0.69	0.34	1.11	0.71	0.79	-2.31	-2.09	0.38	0.36	0.53	0.56	-0.26	-0.17	-0.06	0.87	-2.5	-5	-2.76	-2.75	0.95	0.02	-3.67	-1.81	-2.67	-3	-3.52	-4.19	0.71	-4.07	-2.98	-2.02	-3.58	-1.9	0.4	0.28	-1.66	-0.85	-2.87	0.46	-0.07	-0.62	-0.72	-0.93	0.35	-0.08	0.53	0.14	0.44	-0.11	-0.09	-3.87	-2	-2.54	-0.16	0.7	-2.96	-1.37	-3.62	-2.48	-0.79	0.02	-2.59	0.02	0.48	-2.64	-4.48	-3.76	-1.96	-2.5	-2.14	-2.33	-1.24	-2.63	-0.85	-0.88	-1.22	-2.3	0.93	1.44	1.62	0.31	-0.14	0.26	-0.69	-0.23	-0.65	-0.58	-2	1.54	-0.95	-0.09	-0.46	0.32	0.32	0.15	0.79	0.93	-0.42	-0.12	-1.18	0.83	0.77	0.79	-0.3	0.47	0.1	0.86	0.94	0.94	0.55
405	-0.22	-0.69	-0.32	0.11	-0.87	0.26	-0.12	-0.54	-0.38	-0.67	-0.79	-0.14	-0.53	-0.57	-0.81	-0.4	0.73	-0.61	0.03	-0.79	-0.22	0.01	-0.25	0.19	0.68	0.44	0.64	-0.45	-0.8	-0.22	-0.03	1.58	0.27	-0.69	-0.31	-0.2	0.86	-0.86	-0.51	-0.61	-0.53	0.92	-0.25	-0.55	-0.65	-0.28	-0.56	-0.77	-0.69	0.39	-0.49	-0.61	-0.12	-0.74	-0.42	-0.4	-0.47	-0.59	-0.82	-0.57	0.32	-0.32	-0.58	0.05	-0.04	0.38	-0.74	0.7	0.57	-0.35	-0.56	-0.49	-0.32	-0.34	-0.47	-0.61	-0.37	-0.57	-0.89	-0.86	-0.81	-0.5	-0.17	-0.46	0.11	-0.28	-0.63	-0.81	-0.02	-0.6	-0.54	-0.34	-0.95	0.05	-0.13	-0.4	-0.27	-0.5	-0.58	0.77	1.26	0.72	-0.49	-0.06	-1.18	-0.5	-1.25	-0.71	-0.46	-1.22	0.88	-1.77	0.05	0.65	3.66	0.93	-0.41	0.63	2.31	-0.58	-0.46	2.23	0.3	-0.34	-0.28	-0.35	-0.15	-0.21	0.27	0.33	0.46	-0.3
30748	-0.25	-0.94	-0.98	-0.83	-0.04	-0.24	-0.2	-0.15	-0.69	-0.49	-0.2	0.08	-0.59	-1.2	-0.62	-1.46	0.71	-1.12	-0.53	-1.38	-0.58	1.06	-0.74	-0.76	0.84	0.93	1.04	-0.57	-1.07	-0.37	-0.36	1	0.62	-1.03	-0.81	-0.71	0.34	-1.84	-1.49	-0.9	-0.32	0.47	-0.92	-1.28	-0.91	-1.62	-0.81	-1.58	-2.34	0.03	-1.22	-1.26	-0.51	-1	-0.31	0.07	-1.4	-2.21	-0.44	-0.96	0.06	-0.41	-0.22	-1.96	-0.52	0.61	0.04	0.05	-0.27	-0.36	-0.53	0.14	-0.92	-0.17	-1.24	-1.03	-0.36	-1.72	-2.03	-0.66	-0.89	-0.18	-1.07	-1.75	-0.8	0.15	-0.68	-0.43	-2.29	-1.96	-0.56	-1.03	-0.99	-1.18	-1.18	-0.74	-2.01	-1.04	-1.38	1.2	0.7	1.1	-1.2	-0.24	-1.06	-1.51	-1.45	-0.7	-1.58	-1.53	1.83	0.49	-1.37	-0.95	0.85	-1.08	-0.52	-0.05	-0.23	0.02	-0.34	0.82	-0.77	1.35	-0.05	0.97	0.6	0.21	0.95	1	-0.44	0.07
5980	0.96	0.28	-0.07	0.69	0.5	1.23	0.64	-1.41	0.6	-0.58	-0.44	-0.17	-0.35	-0.26	-0.02	0.01	0.74	-0.01	0.54	-0.75	0.51	0.6	-0.36	0.44	1.39	1.88	1.66	-0.7	-0.57	0.37	1.14	1.88	1.45	0.59	0.82	1.03	0.83	-1.68	-0.79	-0.58	-0.76	1.66	0.02	-1.24	-0.52	-0.57	-0.48	-0.56	-0.89	1.26	-1.25	-1.01	-0.85	-1.1	-1.48	0.56	0.2	-0.76	-0.96	-0.65	0.55	1.02	1	-1.07	-0.68	0.04	-1.35	1.02	0.82	0.79	0.87	0.27	-1.33	0.01	-0.03	-0.17	0.62	-0.58	-0.28	-0.28	-0.27	-0.62	0.17	-0.74	0.23	0.48	-0.07	-1.28	-0.44	-0.65	-0.8	0.24	-0.96	-0.71	-0.74	-1.09	-0.09	-0.68	-0.81	2.17	1.9	1.65	0.91	-0.03	-1	0.01	0.85	-0.19	-0.32	-1.22	1.8	0.06	0.39	1.1	1.76	0.02	0.84	1.69	1.46	1.83	1.25	0.86	0.88	1.6	0.92	-0.41	2.33	1.57	1.37	1.33	1.4	1.69
13301	-0.57	-0.05	-0.15	0.3	-1.78	-1.36	0.98	-0.32	-1.59	0.64	0.11	0.39	0.06	0.06	-0.04	-0.69	0.02	-0.11	0.63	0.16	-0.19	1.58	0.5	-0.25	2.37	2.62	2.33	-0.18	0.18	0.62	2.28	2.35	2.29	1.31	-0.68	0.32	1.88	-0.95	-0.18	-0.13	0.13	1.61	-0.07	0.2	0.03	-0.19	-0.92	0.14	-0.54	-0.34	-0.27	0.13	0.04	-0.5	-0.22	1.05	0.14	-0.55	-0.29	0.12	-0.45	0.37	0.8	-0.53	-0.04	-0.28	0.31	0.16	1.23	2.71	-0.61	0.79	0.09	1	-0.27	0.27	0.17	0.93	-0.03	0.05	0.7	-1.42	0.88	-0.33	0.96	0.5	0.05	1.08	0.23	-0.87	-0.03	-0.14	-0.29	0.08	0.06	0.31	-0.46	0.38	0.37	2.15	1.9	2.28	-1.06	-1.68	-1.54	-1.26	-2.23	-0.69	-0.55	-0.71	3.01	-0.8	0.03	0.16	1.04	0.14	1	1.09	1.74	-1.8	-1.31	0.9	0.49	2.64	-1.37	-1.45	-0.82	0.18	0.49	0.46	0.47	-0.04
30	0.42	0.31	0.12	0.37	-0.99	0.64	0.11	-0.03	0.16	0.4	-0.23	0.47	0.28	0.32	-0.26	-1.14	0.65	-0.37	0.89	-0.95	0.45	-0.12	0.67	-0.48	1.34	0.59	0.6	-0.23	-0.21	0.43	0.5	0.96	0.45	-0.43	0.16	0.64	1.21	-0.08	0.34	0.3	-0.19	0.6	-0.91	0.2	0.89	0.09	0.44	-0.51	-0.45	0.9	-0.03	-0.16	0.45	-0.1	0.41	0.36	-0.01	-0.35	0.15	0.43	-0.21	-0.38	-0.85	0.73	0.77	0.77	0.19	1.72	1.28	0.48	0.19	-0.49	-0.35	-0.79	-0.84	0.23	-0.32	-0.3	-0.3	-0.98	-0.98	0.49	0.09	-0.88	-0.55	-0.64	-1.05	0.37	0.27	-1.3	0.72	-0.69	-0.99	0.75	-0.57	-0.07	0.83	0.73	0.29	1.62	1.72	0.8	0.25	-1.08	0.07	-1.2	-0.32	-0.88	-1.36	-1.92	0.94	-0.97	-0.19	-0.06	1.05	0.14	0.65	0.89	-0.01	-0.67	0.41	0.21	1.02	0.66	0.64	0.61	0.36	0.66	1.06	1.24	1.31	0.73
42726	-0.73	-0.72	-0.75	-0.81	-3.31	-2.23	0.78	-1.9	-2.6	-0.55	-0.26	0.12	1.02	-0.76	-0.65	-2.47	-0.74	0.15	0.54	-1.55	0.14	1.51	-0.68	-0.43	2.05	2.74	2.09	-0.43	-0.06	-0.25	2.11	2.33	3.14	0.08	0.2	1	0.9	-0.21	-2.12	-0.3	0.58	0.52	-0.94	-2.05	-1	-0.27	-1.07	-0.86	-1.66	-0.9	-1.52	-1.21	0.24	-0.14	-0.03	1.34	0.15	-0.38	-0.13	-0.41	-1.48	-0.63	0.78	-0.45	-0.54	-0.85	1.29	0.41	-0.1	2.96	-0.29	0.91	-1.31	-0.39	-0.09	-0.06	0.55	-0.12	0.16	-0.16	-0.29	0.01	0.37	-0.61	1.2	0.51	-0.13	-1.68	-0.74	-0.27	-0.33	0.22	-0.54	-0.31	-1.48	-0.65	-0.34	-0.19	0.49	2.38	1.85	2.84	-1.42	-2.46	-2.76	-1.82	-3.66	-1.95	-1.67	-1.73	3.78	-0.92	-0.62	-0.8	-1.08	-0.66	0.31	-0.49	0.03	0.33	-0.17	-2.25	0.57	0.43	0.47	0.18	0.71	0.78	0.38	0.18	0.17	-0.1
9640	0.58	0.36	-0.05	0.41	0.52	1.12	0.97	0.32	0.34	-0.41	-0.06	0.18	0.01	-0.1	-0.51	0.48	1	-0.12	0.13	-0.32	0.89	0.65	0.3	1.09	1.65	1.33	2.1	-0.56	0.02	0.53	1.13	1.63	0.24	0.15	0.74	0.67	1.49	-0.74	-0.4	1	0.19	1.21	0.88	-0.59	-0.04	-0.52	-0.62	-0.65	-0.38	1.4	-0.47	-0.42	-0.24	-0.66	-0.49	1.05	0.97	-0.43	-0.16	-0.07	0.45	1.17	0.41	0.02	-0.25	0.84	0.57	1.45	0.58	0.4	0.49	0.47	-0.71	-0.25	-0.24	1.09	1.01	-0.55	-0.1	-0.07	-0.12	-0.4	0.81	-0.51	0.85	0.91	-0.28	0.88	-0.76	-0.51	-0.01	0.27	-0.35	-0.46	-0.88	-0.18	-0.27	-0.29	-0.11	1.7	1.75	1.65	-0.11	0.35	0.37	-0.52	0.3	0.59	-0.06	-0.79	2.1	-0.08	1.07	0.85	1.23	0.91	1.92	1.37	2.07	1.72	1.72	0.05	2.2	5.99	1.17	2.27	3.09	0.95	1.8	1.66	2.47	1.65
5618	-2.52	-2.45	-1.43	-1.85	-2.02	-1.95	-1.36	-2.24	-2.63	-0.8	-0.48	-0.15	-0.4	-0.47	-0.51	-1.99	-2.3	-0.09	-0.07	-0.47	-0.67	-0.41	-0.53	-1.81	-0.11	0.12	0.29	-0.79	-0.69	-1.31	-0.14	-0.07	0.58	-0.49	-2.27	-2.22	-0.21	-0.82	-0.63	-0.45	-0.05	-0.49	-0.52	-0.82	-0.4	-0.74	-1.4	-1.02	-0.5	-1.98	-0.69	-0.89	-0.68	-0.84	-0.79	-0.52	-1.82	-0.59	-0.77	-0.54	-2.02	-1.28	-1.95	-0.8	-0.37	-2.09	-1.87	-0.76	-0.77	0.28	-2.57	-1.7	-0.49	-0.57	-0.22	-2.17	-1.29	-0.69	-0.38	-0.31	-0.36	-0.83	-1.54	-0.44	-0.84	-0.47	-0.41	-0.47	-0.67	-0.51	-0.74	-0.1	-0.75	-0.84	-1.16	-0.93	-0.81	-0.51	-0.06	0.41	-0.38	1.56	-3.14	-3.56	-2.6	-1.96	-3.32	-2.76	-2.22	-2.36	1.71	-0.82	-0.81	-0.34	-0.03	-0.39	0.24	0.28	0.55	1	-0.42	-0.73	-0.32	0.88	0.39	0.76	0.69	0.33	0.29	0.52	-0.11	-0.9
5935	-1.82	-2.92	-1.5	-0.03	-1.58	-0.9	-0.02	-1.01	-1.21	-0.32	-0.4	0.19	-0.19	0.17	0.23	-0.33	-0.79	0.18	0.36	0.24	-0.09	0.47	-0.02	0.03	1.79	0.94	0.77	-0.47	-0.1	-0.18	0.49	1.39	1	-0.13	-3.9	-2.66	0.62	-0.97	-0.28	-0.2	0.07	-0.14	-0.52	-0.47	-0.02	-0.4	-0.6	-0.51	-0.02	-0.35	-0.38	-0.49	-0.4	-0.63	-0.57	1	-0.91	-0.6	-0.69	-0.34	-0.02	-0.85	0.45	-0.29	-0.12	0.36	0.39	0.76	-1.41	-1.12	-1.51	-0.28	-0.25	-0.25	0.13	-1.27	-0.8	0.01	-0.5	-0.17	-0.21	-0.71	0.04	-0.56	0.35	-0.15	-0.2	0.27	-0.03	-0.1	0.03	0.16	-0.53	-0.36	-0.63	-0.43	-0.18	-0.45	-0.1	0.8	1.33	1.23	-1.9	-1.85	-1.9	-0.13	-1.22	-0.83	-1.94	-1.9	1.61	-0.37	0.03	1.78	2.14	-0.36	1.02	2.47	0.4	1.43	1.87	2.17	0.23	2.13	2.09	1.72	1.98	0.74	0.47	0.23	0.13	0.34
39379	0.73	0.51	-1.12	-0.11	0.15	0.78	0.9	1	0.67	-0.83	-0.54	0.89	0.16	-0.58	-0.5	-0.5	1.59	0.1	0.62	-0.89	0.66	0.88	-0.11	0.35	1.33	0.92	1.8	-0.36	0.01	-0.05	0.49	0.76	0.84	0.06	0.06	-0.62	0.97	-1.26	-0.51	1	-0.24	0.66	-0.16	-1	0.91	0.66	-0.06	-0.65	-0.41	0.72	-0.45	-0.45	-0.29	-0.97	-0.4	0.21	-0.67	-0.03	-0.15	-0.2	-1.21	0.27	-0.23	-0.46	0.08	0.26	-0.12	0.82	-0.01	0.82	-0.46	0.19	-1.31	-0.94	1	0.22	0.22	-0.67	0.11	-0.25	-0.66	-0.68	-0.34	-1.09	-0.16	0.92	-0.76	-0.92	0.16	-0.06	0.15	-0.12	-0.42	0.48	-0.85	0.42	0.44	0.16	-1.17	1.58	1.69	1.68	0.42	0.45	-0.03	-0.92	0.01	-0.42	-1.31	-0.58	1.64	0.33	0.37	-0.2	0.62	0.03	0.03	1.12	1.1	0.74	1.12	0.03	-0.73	1.1	1.13	1.32	1.43	0.66	0.75	0.27	0.36	0.55
24348	0.02	0.24	-0.8	0.01	0.17	1.38	2.29	0.97	0.6	-0.64	-0.56	0.98	0.36	0.71	-0.81	-0.03	1.85	0.23	0.68	0.15	0.47	0.25	0.62	0.32	1.84	1.21	1.55	0.4	1	0.16	0.07	0.85	1.15	-0.37	0.74	0.46	1.83	-0.71	-0.12	-0.38	0.07	0.91	0.3	-1.25	0.74	0.11	0.56	0.01	-0.4	1.52	0.26	-0.1	0.04	0.18	-0.48	0.65	0.1	-0.27	-0.31	0.21	1.29	0.89	0.36	0.45	0.76	-0.76	-1.34	0.58	1.19	0.17	0.6	0.23	0.19	-0.8	0.81	-1	-0.63	-0.2	-0.32	-0.76	-0.07	0.26	1.06	-1.17	0.85	0.68	0.07	-0.08	0.44	-0.13	0.26	0.81	-0.18	0.69	0.28	1.07	0.97	0.66	-0.02	1.8	1.99	1.63	0.31	0.37	-1.01	-0.62	0.18	0.05	-1.33	-1.94	1.95	0.95	0.15	0.35	1.31	0.62	0.35	1.01	0.15	-0.23	-0.05	0.31	-0.21	1.34	1.52	1.66	1.36	1.03	-0.25	0.52	1.49	1.3
33823	0.64	1.01	0.31	0.17	0.63	0.6	1.28	1.03	0.68	-0.62	0.48	-0.45	0.16	-0.23	-2.17	0.49	1.32	-1.06	-1.35	-0.2	1.08	1.15	-0.22	1.21	1	0.91	1.54	-1.59	0.56	0.75	0.73	0.51	1.62	0.84	0.82	0.78	0.2	0.6	-1.63	0.14	0.68	1.22	0.2	-0.78	-1.53	-0.13	-0.03	-2	-1.13	1.19	-0.72	-1.38	0.13	-1.02	0.08	1.15	0.73	-0.95	-0.06	-0.36	-0.11	1.39	0.34	0.08	0.22	0.88	0.32	1.06	0.2	1.13	0.94	0.48	-0.9	-2.31	-0.39	1.15	0.98	-0.87	-1.14	0.32	-1.1	0.09	0.32	0.06	0.62	0.7	-0.45	-0.38	-1.09	1.45	-0.49	0.01	0.5	-0.33	-0.95	-0.1	0.34	1.33	-0.8	0.93	1.82	2.05	0.25	0.15	-0.18	0.03	0.24	-0.85	0.67	-0.58	1.24	0.23	1.97	0.93	2.61	1.66	1.77	2.78	3.72	1.23	2.07	-0.26	3.02	2.68	1.93	1.62	0.84	1.63	2.33	2.56	3	1.66
28257	0.65	0.74	-0.29	-0.28	0.06	0.74	0.79	0.09	0.81	-2.82	0.2	-2.29	0.24	-1.7	-1.42	0.33	0.9	-0.81	-1.2	-0.76	0.26	0.13	-1.31	0.15	2.1	1.39	1.39	-2.36	-0.35	0.13	0.17	0.97	0.49	-0.44	0.06	0.31	1.37	-1.05	-3.37	-0.7	0.07	1.32	-0.1	-2.21	-2.54	-1.08	-3.68	-3.45	-1.9	1.2	-2.75	-2.65	-0.33	-1.2	1	0.58	-0.62	-0.19	-0.2	-1.3	0.48	0.78	-0.17	-0.54	-1.23	0.8	-0.04	0.37	-0.1	0.55	0.13	-0.7	-1.2	-0.67	-0.44	0.06	0.43	-0.73	-0.3	0.03	0.12	-0.49	-1.02	-0.83	-0.1	0.28	0.3	-1.12	-3.69	0.02	-0.45	0.09	-0.37	-0.7	-2.37	-1.54	-0.94	-0.45	0.06	1.45	1.84	1.5	1.06	0.46	-0.34	-0.68	-0.64	-0.99	-0.73	-0.61	1.78	0.28	0.32	-0.1	0.98	0.48	0.53	1.73	0.52	1.11	1.09	0.1	0.29	2.52	1.59	1.43	0.98	1.41	2.41	1.05	1.32	1.37
