patient	meso42	meso51	meso2	meso82	meso212	meso74	meso67	meso57	meso167	meso33	meso34	meso6	meso68	meso72	meso76	meso86	meso89	meso90	meso93	meso101	meso105	meso109	meso114	meso116	meso118	meso130	meso133	meso159	meso166	meso213	meso229	CL2001032638AA	CL2001032233AA	CL2001032603AA	CL2001032019AA	CL2001032020AA	CL2001032739AA	CL2001032730AA	CL2001032856AA	CL2001032643AA	CL2001032241AA	CL2001032250AA	CL2001032242AA	CL2001031630AA	CL2001032235AA	CL2001032839AA	CL2001032131AA	CL2001032702AA	CL2001032703AA	CL2001032736AA	CL2001032858AA	CL2001032640AA	CL2001032710AA	CL2001032618AA	CL2001032024AA	CL2001032604AA	CL2001032234AA	CL2001032734AA	CL2001032249AA	CL2001032840AA	CL2001032117AA	CL2001032744AA	CL2001032843AA	CL2001032125AA	CL2001032130AA	CL2001032743AA	CL2001032733AA	CL2001032141AA	CL2001032612AA	CL2001032025AA	CL2001032605AA	CL2001032026AA	CL2001032229AA	CL2001032628AA	CL2001032138AA	CL2001032309AA	CL2001032310AA	CL2001031615AA	CL2001032212AA	CL2001032647AA	CL2001032312AA	CL2001032611AA	CL2001032032AA	CL2001032308AA	CL2001032211AA	CL2001032620AA	CL2001032616AA	CL2001032136AA	CL2001032029AA	CL2001032027AA	CL2001032617AA	CL2001032031AA	CL2001032030AA	CL2001031616AA	CL2001032646AA	CL2001032227AA	CL2001032615AA	CL2001031627AA	CL2001032714AA	CL2001032213AA	CL2001032028AA	CL2001032214AA	CL2001031613AA	CL2001032315AA	CL2001031608AA	CL2001032001AA	CL2001032320AA	CL2001032013AA	CL2001032012AA	CL2001032645AA	CL2001032009AA	CL2001032633AA	CL2001031635AA	CL2001032311AA	CL2001032016AA	CL2001032133AA	CL2001032255AA	CL2001032140AA	CL2001032254AA	CL2001032717AA	CL2001031636AA	CL2001032619AA	CL2001032037AA	CL2001032252AA	CL2001032316AA	CL2001032708AA	CL2001032742AA	CL2001032837AA	CL2001032741AA	CL2001032005AA	CL2001032746AA	CL2001032156AA	CL2001032257AA	CL2001032103AA	CL2001032610AA	CL2001032109AA	CL2001032004AA	CL2001032622AA	CL2001031625AA	CL2001032636AA	CL2001032613AA	CL2001032846AA	CL2001032747AA	CL2001032707AA	CL2001032625AA	CL2001032737AA	CL2001032008AA	CL2001032738AA	CL2001032011AA	CL2001032324AA	CL2001032243AA	CL2001032113AA	CL2001031632AA	CL2001032857AA	CL2001032704AA	CL2001032034AA	CL2001032134AA	CL2001032848AA	CL2001032006AA	CL2001032251AA	CL2001032116AA	CL2001032614AA	CL2001032015AA	CL2001032248AA	CL2001032247AA	CL2001032104AA	CL2001032017AA	CL2001032836AA	CL2001032246AA	CL2001032105AA	CL2001032306AA	CL2001032149AA	CL2001032301AA	CL2001032307AA	CL2001032040AA	CL2001032842AA	CL2001032259AA	CL2001031611AA	CL2001032155AA	CL2001032039AA	CL2001031612AA
	1	1	1	1	1	1	1	1	1	1	1	1	1	1	1	1	1	1	1	1	1	1	1	1	1	1	1	1	1	1	1	0	0	0	0	0	0	0	0	0	0	0	0	0	0	0	0	0	0	0	0	0	0	0	0	0	0	0	0	0	0	0	0	0	0	0	0	0	0	0	0	0	0	0	0	0	0	0	0	0	0	0	0	0	0	0	0	0	0	0	0	0	0	0	0	0	0	0	0	0	0	0	0	0	0	0	0	0	0	0	0	0	0	0	0	0	0	0	0	0	0	0	0	0	0	0	0	0	0	0	0	0	0	0	0	0	0	0	0	0	0	0	0	0	0	0	0	0	0	0	0	0	0	0	0	0	0	0	0	0	0	0	0	0	0	0	0	0	0	0	0	0	0	0	0	0	0	0	0	0	0
39167_r_at	8.49	9.84	8.51	8.4	8.56	7.45	8.48	7.82	8.62	9.47	9.01	8	9.31	10.44	8.82	9.9	10.43	9.44	9.56	9.61	8.27	9.14	9.69	9.56	9.07	8.88	10	9.56	9.29	8.82	10.11	7.91	8.15	8.62	8.48	8.11	7.91	7.8	8.7	8.72	8.38	9.1	8.34	8.23	8.25	7.2	8.27	8.41	8.38	8.21	8.29	7.49	7.38	7.58	8.76	7.97	7.67	8.31	8	7.37	7.41	8.24	8.08	8.52	7.85	7.74	8.11	8.34	7.76	8.3	7.84	8.11	7.66	8.1	7.93	7.61	7.58	8.2	7.43	8	7.5	7.81	7.88	8.53	8.22	8.37	7.75	8.23	7.97	7.45	8.17	7.84	8.15	8.04	7.84	7.92	8.12	8.16	7.79	8.84	8.44	8.09	8.1	7.79	7.53	7.64	8.33	9	7.47	8.34	8.57	8.58	7.45	8.07	7.38	7.57	8.3	8.53	8.21	8.19	8.44	8.46	7.91	8.72	7.89	8.31	7.64	7.62	7.54	7.76	8.46	7.99	8.17	8.55	8.21	7.64	7.42	7.89	7.94	8.85	8.14	7.27	7.08	7	7.23	8.22	8.24	7.57	8.33	8.29	8.59	7.07	8.57	7.57	7.88	7.5	7.64	7.37	7.56	7.39	7.96	8.03	9.27	7.32	7.83	7.72	8.65	8.37	7.99	7.47	7.86	7.85	7.93	8.4	7.09	6.97	8.72	8.72	7.79	6.57	7.4
33377_at	8.31	6.77	9.19	3.51	10.01	10.44	10.4	10.06	10.23	9.76	7.16	9.12	7.46	7.42	9.87	10.94	8.72	10.24	11.94	13.56	9.79	11.34	6.25	8.34	10.28	10.33	3.94	5.83	8.38	7.48	1	1	5.23	5.35	4.49	4.66	6.2	6.84	5.16	1	6.45	1	1	5.38	5.92	5.47	1	5.57	1	5.08	6.04	5.18	4.96	1	5.56	5.51	5.33	5.91	5.28	4.78	4.79	5.48	6.01	5.55	5.27	5.38	3.81	5.34	5.63	4.99	6.36	6	4.86	5.1	4.43	1	6.14	5.85	5.59	6.18	5.5	5.63	5.11	5.17	5.15	4.41	4.6	4.2	5.34	5.56	5.99	5.76	5.4	5.79	5.11	4.54	4.86	1	5.28	5.43	5.13	5.3	4.76	1	1	5.19	5.17	0.68	1	4.35	4.39	5.59	4.97	5	7.25	6.92	1	4.61	4.95	4.81	4.9	4.15	4.57	1	5.5	5.91	5.86	4.31	9.92	10.09	5.44	5.47	4.14	4.65	5.62	6.37	4.72	1	5.56	5.11	6.03	4.99	5.66	5.75	7.47	5.08	4.08	1	4.92	4.52	2.83	5.68	1	1	4.39	1	5.46	5.19	6.17	4.74	1	6.13	4.95	4.26	4.46	3.93	1	4.93	3.69	5.38	5.69	4.62	5.71	5.57	1	5.03	6.41	5.99	1	5.35	5.38
36562_at	1	6.83	4.31	1	5.03	1	1	1	4.32	4.22	6.12	7.21	6.79	7.4	6.39	7.99	6.56	7	5.9	7.21	6.95	3.36	1	4.89	5.86	6.06	6.42	4.95	4.58	3.5	1	1	1	1	1	1	1	1	1	4.26	5.07	1	1	1	1	1	1	1	1	1	1	1	1	2.56	1	1	1	1	1	1	5.39	1	1	5.28	1	1	2.83	1	1	1	1	4.52	1	1	1	1	2.96	1	4.5	1	1	5.59	1	1	2.29	1	1	3.75	1	1	1	1	1	1	1	2.98	1	1	1	5.24	1	4.19	1	1	1	3.02	0.26	1	1	4.77	1	1	1	1	1	1	1	1	1	1	1	1	1	1	1	1	1	1	1	1	1	1	1	1	1	1	1	1	1	4.18	1	1	1	1	1	1	1	1	1	2.81	1	1	5.27	1	1	1	1	4.83	1	1	5.55	3.77	6.32	1	1	1	1	1	1	1	5.02	1	1	1	1	1	4.03	1	1	1	1
35081_at	7.74	6.47	7.07	4.23	5.4	6.21	4.9	6.71	7.32	6.97	6.4	8.43	8.62	8.12	7.88	9.43	7.95	8.89	7.89	7.58	8.33	5.45	5.09	5.64	5.94	6.89	7.32	3.05	1	6.6	6.6	4.49	3.55	4.76	5.22	3.14	4.96	4.4	5.14	3.47	3.91	4.59	3.99	4.58	3.77	5.88	8.26	3.31	4.24	4.78	3.58	3.73	1	3.9	2.98	5.25	3.55	4.31	3.51	3.94	3.31	4.98	3.55	3.81	3.47	4.36	6.12	1	3.99	5.17	5.3	5.95	4.15	6	3.5	5.86	4.45	4.27	2.07	1.58	2.2	4.45	6.15	2.79	4.38	4.75	5.58	2.43	4.82	4.07	4.54	3.86	3.51	4.82	4.81	3.43	5.19	4.67	4.97	3.75	3.19	3.5	2.77	5.01	3.84	1	5.14	2.63	3.07	2.85	1.68	3.81	3.46	3.96	3.94	3.07	4.46	1	4.53	4.69	2.35	3.51	1.72	1	4.1	4.19	2.94	1	5.73	4.61	2.17	3.89	3.93	3.64	4.34	4.72	2.43	3.54	3.57	4.06	4.06	3.84	3.46	3.26	3.72	2.87	3.8	4.56	3.49	3.17	4.63	5.16	3.82	6.2	4.88	4.79	4.25	5.83	3.36	1	1.49	2.66	3.29	1	1	1	1	3.04	2.77	2.41	3.09	3.12	3.07	4.99	3.99	5.03	4.41	3.63	4.17	4.07	3.54
657_at	8.84	9.26	8.21	9.94	9.42	9.86	9.43	9.56	9.14	7.72	9.34	9.36	10.27	9.67	9.29	9.22	8.88	9.17	9.77	9.76	9.85	10.05	8.41	9	9.41	10.19	9.12	9.53	11.56	9.64	9.97	8.5	8.34	8.8	8.03	7.95	8.65	8.94	8.8	8.4	7.7	8.07	8.16	8.84	8.91	8.35	8.41	8.03	8.19	8.21	8.45	7.81	7.93	7.98	7.78	8.16	9.11	8.18	8.45	7.97	7.77	8.68	7.45	9.29	8.37	8.57	8.62	8.9	8.28	8.58	9.09	8.55	8.1	8.17	7.87	8.33	8.47	8.42	8.39	8.63	8.67	8.71	9.05	9.09	8.93	8.26	8.85	8.34	7.95	7.93	8.61	8.1	8.92	8.19	8.58	7.97	8.57	8.57	8.56	9.23	8.29	8.85	8.2	8.24	8.52	8.62	8.59	8.52	7.83	7.77	7.57	7.84	7.08	8.22	7.8	8.01	7.97	8.09	8.23	8.75	7.67	8.56	8.63	8.42	8.15	9.1	7.93	7.96	8.4	8.36	8.64	8.62	8	7.93	8.09	8.47	8.12	7.8	7.77	7.72	8.81	7.94	8.06	8.56	8.65	8.43	8.27	7.64	8.54	8.01	8.31	9.62	8.24	8.25	9.1	8.6	8.61	9.27	8.28	7.13	9.06	8.63	9.12	7.65	8.08	8.16	7.59	7.35	8.18	8.39	8.5	8.37	8.62	6.45	8.73	8.56	8.34	8.12	8.19	8.5	8.44
2053_at	7.97	9.09	6.57	5.04	10.22	5.67	8.42	6.52	6.31	9.84	8.34	9.81	6.43	9.43	7.07	10.09	9.26	6.87	7.51	9.27	7.6	7.35	7.42	8.88	7.44	8.17	8.26	9.75	9.66	7.36	9.07	6.46	5.81	6.61	6	6.5	6.49	6.36	6.55	7.01	6.69	6.64	6.29	6.4	6.19	8.91	9.39	5.9	7.41	5.81	5.84	5.99	5.6	6.11	6.57	6.52	5.73	5.75	6.2	5.84	5.61	5.9	6.7	6.14	5.8	5.71	6.17	5.91	6.3	5.78	6.15	5.9	6.73	6.5	5.72	6.27	6.59	6.3	7.65	6.32	6.54	7.1	6.75	6.05	6.39	6.27	5.94	6.61	6.07	5.26	7	6.13	6.6	5.95	6.01	5.47	6.26	6.24	6.03	7.08	5.69	5.27	5.2	6.08	6.24	6.75	5.93	6.37	6.11	5.98	6.06	6.52	6.57	7.66	6.29	6.09	6.59	8.02	6.87	5.9	5.84	6.88	6.64	5.96	5.62	6.26	6.3	3.82	8.17	8.31	6.57	6.53	6.72	7.01	6.55	6.26	5.82	5.85	6.21	6.34	6.5	5.73	5.54	6.2	6.69	6.1	5.31	5.49	6.69	6.81	6.04	6.65	6.82	6.19	5.47	5.7	5.65	6.61	6.71	6.15	6.46	7.08	5.76	5.44	6.36	6.13	5.99	5.94	6.9	6.36	6.27	5.9	6.43	6.24	6.98	6.74	6.33	7.13	5.1	6.39	5.97
41755_at	9.08	8.48	9.81	2.94	9.67	9.93	9.12	10.21	9.23	9.75	8.73	10.05	9.69	9.39	10.41	9.74	10	9.53	10.62	8.43	9.22	10.28	7.16	9.41	8.23	9.01	6.94	6.92	7.11	7.53	8.77	5.8	6.82	6.32	6.17	6.26	5.52	5.2	5.73	7.17	7.37	6.71	5.28	6.34	6.28	4.91	4.62	7.83	4.31	6.37	6.82	7.19	6.22	7.3	6.35	8.39	7.07	4.93	6.38	5.82	5.97	6.06	3.96	7.55	6.87	6.61	7.55	5.7	5.44	5.07	5.28	6.4	5.18	6.27	6.82	6.92	6.95	3.7	7.66	6.1	6.55	7.08	6.85	7.29	5.7	5.91	7.09	5.41	7.59	6.79	7.41	5.91	6.8	6.57	5.22	6.51	5.66	3.52	5.24	6.86	6.91	7.67	6.88	5.41	4.98	6.63	5.73	6.8	6.29	5.96	4.47	5.24	7.37	4.57	7.34	7.4	6.68	6.63	6.53	6.8	1	4.44	4.21	6.82	5.35	6.2	5.6	6.82	4.94	6.36	4.69	6.83	8.08	7.62	6	8.46	7.64	7.18	8.02	6.07	5.79	7.64	5.81	6.59	5.79	6.28	7.09	4.55	7.01	7.61	6.92	6.56	1	8.28	7.02	6.32	5.69	6.94	6.55	8.68	5.65	4.49	6.2	7.7	7.04	7.26	7.59	7.5	7.07	5.22	4.86	6.1	4.98	5.85	6.21	5.58	7.22	4.84	7.12	4.36	5.95
35330_at	4.88	6.02	6.96	0.77	7.75	7.38	6.36	6.73	6.74	7.98	7.5	7.07	6.26	6.42	8.25	8.36	7.71	6.81	6.94	8.62	6.15	8.47	6.87	7.66	8.6	7.32	7.21	8.08	7.23	7.74	7.2	1	3.1	4.49	3.69	3.85	4.29	4.5	1.54	3.46	6.13	4.13	1	4.1	1	3.15	6.01	4.25	4.68	3.15	1	3.28	3.41	1	4.08	3.99	2.04	1	1	4.17	4.86	1	1	3.6	1	3.04	1	1	3.43	1	1	1	4.93	2.2	2.49	2.54	5.11	3.19	1	3.61	4.81	4.72	1	1	4.97	2.94	1	3.09	1	1	4.91	2.7	3.64	3.89	7.36	1	6.72	5.98	7.29	3.77	3.57	0.58	1	1	1	1	1	5.6	4.29	7.71	7.05	7.4	4.61	1	4.83	4.41	7.01	1	4.37	1	2.96	1	1	2.96	4.52	1	1	3.32	2.2	4.33	5.39	2.98	4.34	1	1	2.23	4.2	1	4.78	3.45	1	0.58	5.64	4.04	4.11	3.8	1	7.12	3.14	5.27	1.54	1	4.96	4.3	1	4.49	1	1	1	2.2	8.7	3.14	6.49	3.29	3.75	3.82	1	1	5.8	3.85	4.19	3.56	1	3.23	1	3.5	2.61	3.67	7.4	1	3.87
37283_at	1	7.22	7.27	6.6	3.45	6.55	5.83	4.32	7.35	1	5.21	8.11	1	5.64	7.12	7.22	5.53	5.94	3.8	1	1	1	5.95	0.14	6.07	4.68	1	5.55	5.7	5.04	1	1	1	1.89	3.8	1	1	1	1	1	4.12	2.79	1	1	1	1	1	1	1	1	1	1	1	1	1	1	1	1	1	1	1	1	1	1	1	1	1	4.94	1	1	1	1	1	1	1	1	1	1	1	1	1	1	1	1.43	1	1	1	1	1	1	1	1	1	1	1	1	1	1	1	5.26	1	1	2	1	1	1	1	5.71	1	1	1	1	1	1	1	1	1	1	1	1	1	1	1	4.86	1	1	1	1	1	1	1	1	1	1	1	1	1	3.51	1	1	1	1	1	1	1	1	1	1	4.91	1	1	1	1	1	1	1	3.96	1	1	4.7	1	1	7.94	1	1	1	1	1	1	1	1	2.77	1	1	1	6.45	1	1	1	1	1
33198_at	9.47	9.6	9.73	9.11	9.79	9.76	9.84	9.96	9.59	9.21	9.17	8.66	9.06	8.58	9.93	8.48	9.36	9.07	8.69	8.78	9.29	9.92	8.28	9.67	9.61	9.27	9.5	8.13	9.55	8.13	8.55	7.87	8.06	8.24	8.15	8.28	7.68	7.15	7.78	9.01	8.18	8.16	8.17	7.7	8.23	7.92	7.85	8.43	8.33	8.46	8.57	8.42	8.22	8.3	8.36	8.31	8.73	8.13	8.03	8.07	8.07	8.53	7.98	9.09	8.66	8.54	8.27	8.32	7.75	8.63	8.8	8.41	8.1	7.53	8.4	8.74	7.98	8.04	8.11	7.73	7.48	7.71	7.69	7.79	7.36	8.2	8.09	7.67	9.39	8.41	8.21	8.64	8.28	8.16	8.5	8.37	8.59	8.18	8.62	8.68	8.91	8.81	9.05	7.9	8.26	8.26	7.69	7.78	8.09	7.66	7.7	8.06	8.09	7.02	8.17	8.9	7.52	8.09	8.31	7.94	8.48	7.12	7.93	8.17	7.74	8.61	8.17	8.44	8.14	7.74	8.27	7.74	7.65	7.91	8.21	7.68	7.46	8.15	8.38	8.99	8.52	8.5	7.83	8.25	7.97	7.82	8.21	8.14	7.5	7.56	7.93	7.63	7.59	8.44	8.67	8.45	8.85	8.08	8.14	8.2	7.53	7.5	8.49	7.19	7.57	8.19	8.19	8.24	7.56	7.75	8.4	8.68	7.93	8.33	8.27	8.66	9.45	8.41	8.59	7.88	8.16
32260_at	9.49	8.84	8.58	9.4	9.1	8.26	8.6	8.92	9.45	10.4	8.61	9.84	9.48	9.55	7.84	9.98	9.77	9.28	9.75	9.71	10.41	9.24	10.09	9.84	9.41	10.27	9.97	9.83	10.78	10.35	9.86	8.34	8.56	8.65	8.66	8	7.49	7.83	9.13	8.24	8.12	9.3	8.79	8.07	8.29	8.3	7.2	8.32	8.61	8.68	9.16	7.92	7.05	7.59	8.31	8.23	7.99	8.08	8.68	8.3	8.21	8.5	8.07	7.71	8.77	8.26	8.44	8.49	8.28	8.59	8.1	8.68	8.42	8.45	8.43	8.07	8.11	8.46	8.12	8.37	8.05	8.06	8.54	7.92	8.45	8.58	8.52	8.7	8.1	8.73	8.6	7.76	8.05	8.37	7.6	8.46	7.14	8.01	7.63	8.65	8.85	8.55	8.99	8.54	8.32	8.37	8.85	8.76	8.6	8.05	8.21	8.02	7.59	8.35	7.93	8.08	8.47	9.18	8.66	8.65	8.55	8.71	8.66	8.58	8.71	8.35	7.75	8.55	6.41	7.12	8.36	9	8.78	9.1	8.37	8.05	7.78	8.91	8.05	9.8	8.49	8.38	8.05	8.14	8.38	8.49	8.58	8.11	8.31	8.18	8.02	7.13	8.56	8.57	8.2	8.76	8.22	8.61	8.24	8.29	7.69	7.99	9.19	8.53	8.3	8.42	8.57	9.32	7.71	7.7	8.07	8.76	7.69	8	8.24	7.71	9.02	8.43	8.52	7.45	7.88
661_at	10.44	9.58	10.63	5.58	8.81	10.13	8.59	8.9	8.26	9.9	10.73	10.77	7.82	9	10.03	11.04	8.5	11.45	7.72	9.12	8.03	6.13	8.7	8.73	7.76	6.53	6.11	8.13	9.42	8.37	8.07	4.57	4.44	6.28	5.53	4.31	6.04	1	7.46	6.64	7.06	6.92	6.35	3.35	5.28	5.34	1	3.91	5.46	4.77	4.34	1	3.1	2.68	5.66	4.24	1	1	5.22	1	3.88	5.03	4.12	1.93	4.74	1	1	7.82	4.9	4.05	1	1	5.68	4.67	4.73	1.96	4.18	6.2	4.18	5.5	3.66	4.54	4.68	7.42	6.75	4.66	4.29	6.02	1	4.59	4.07	5.78	6.17	5.71	4.8	5.03	4.72	4.98	4.3	7.46	7.49	6.32	7.57	6.47	6.31	3.23	6.41	6.92	2.96	1	1	1	6.25	3.75	5.67	5.34	5.25	7.79	6.55	4.61	6.42	6.22	5.71	7.98	1.58	7.14	4.81	4.86	2.23	4.21	7.57	7.47	6.55	6.89	4.07	1	1	5.5	3.69	4.67	4.22	1	3.39	6.4	5.47	5.33	5.62	5.9	7.01	5.98	5.32	1	7.47	4.02	5.1	5.52	5.86	4.81	1	5.2	2.2	6.05	8.42	3.82	5.17	3.58	3.63	2.14	5.91	2.54	5.61	7.39	5.53	4.75	6.85	4.88	4.88	6.64	4.21	1	3.66
41210_at	10.58	6.07	10.43	1	9.95	7.66	9.26	8.53	9.61	7.06	10.11	7.92	10.67	10.15	7.48	5.73	5.09	10.2	7.28	7.47	6.22	1	3.97	1	2.79	3.64	3.1	1	5.19	4.95	8.97	3.87	0.58	4.06	0.68	5.39	1	3.31	1	1	4.95	1	1	3.71	3.71	5.46	5.84	1	1	4.67	3.26	2.51	1	3.85	1	3.92	4.46	4	2.29	1	1.72	0.49	1	2.85	3.04	3.87	4.8	1	1	1	3.1	1	1.89	5.48	1	2.43	3.68	1	1	4.18	1	1	1	4.01	1	1	4.45	1	4.84	0.58	2.43	4.43	2.2	1	3.2	3.84	1	1	1	1	3.89	1	2.79	2	4.72	1	2.29	4.13	2.61	4.9	4.2	5.07	4.17	0.14	3.2	2.26	1	1	3.92	0.58	2.1	1	1	1.43	4.82	1	1	1	3.36	1	1	3.92	1	1	1	1	1.38	1	1	1	4.39	1	4.96	1.93	4.14	1	1	3.26	2.61	1	4.44	4.11	3.36	3.34	1.07	2.51	4.2	1	2.7	3	1	5.43	1	3.6	1	1	2.26	3.41	4.56	3.68	4.47	1	1	4.75	2.46	3.09	1	3.15	2.58	1	2.38
39541_at	9.86	9.59	8.51	9.86	9.62	9.24	8.76	9.9	9.44	9.43	9.13	10.42	9.39	8.8	9.82	8.01	8.66	9.6	8.55	8.74	9.39	9.05	7.59	8.76	9.06	9.16	7.99	9.22	9.49	8.71	8.74	7.96	8.32	8.52	7.69	7.83	8.36	7.38	8.47	8.03	8.4	8.67	7.26	7.45	8.57	7.24	8.09	7.18	8.05	8.31	7.14	7.04	6.69	6.84	7.8	7.68	7.11	7.2	8.45	6.94	7.13	7.89	7.19	6.39	6.88	6.93	7.04	8.26	8.53	8.4	7.28	8.18	8.25	8.19	8.02	6.79	8.2	8.54	7.53	8.18	8.31	8.26	8.21	8.66	7.86	8.42	8.23	8.1	7.74	7.34	7.39	8.02	7.42	7.52	6.82	7.92	6.81	8.24	7.63	8.96	7.82	7.95	7.72	8.24	8.3	7.01	7.18	8.55	7.34	6.39	6.61	6.53	7.51	7.28	7.38	7.27	6.82	8.4	8.36	7.93	7.73	8.15	8.02	7.63	8.06	7.58	7.14	7.13	7.2	7.28	8.25	8.22	8.22	9.06	8.09	7.34	6.4	7.87	8.09	7.79	7.38	6.89	7.15	7.6	7.31	8.26	8.6	7.05	8.11	8.1	7.42	7.32	7.57	7.75	7.87	7.34	7.31	8.9	6.94	6.84	8.13	7.93	8.8	6.58	7.81	7.17	7.51	7.66	7.78	7.19	8.15	8.13	7.86	8.26	8.61	7.32	8.38	8.52	7.39	6.89	7.18
36695_at	7.77	6.91	7.98	1	5.24	8.44	7.42	8.68	8.26	5.66	6.69	3.52	7.2	4.43	8.42	5.12	4.62	6.95	1	6.85	1	7.08	0.77	6.6	6.75	6.13	6.27	1	6.61	5.68	6.69	1	3.49	1	1.2	1	3.61	1	1	2.98	3.96	2.63	3	1	1	1	6.13	3.58	1	0.77	3.45	1	1	1	1	3.36	2.63	3.07	1	4.16	1	4.73	3.22	2.46	0.68	4.39	1	4.92	1	2.32	1	2.77	4.26	3.23	1	1	1	1.38	1	1.07	1	1	1	3.69	1	1	1.72	1	5.39	3.43	3.1	4.24	2.98	3.87	1	3.41	1	1	3.5	2.29	1	3.88	1	1	1	1	1	1	1	1	1	1	2.77	1	2.94	3.28	1	7.03	1	1	1	1	1	1	1	4.26	1	2.29	1	1	1	1	2.56	3.96	1	1	1	1	1	4.68	3.57	1	1	3.31	1.14	1	1	2.87	3.05	1.89	3.31	1	1	2.56	1	4.63	4.18	3.43	3.7	1	1	1	5.44	1	1	1	1	2.2	1	3.83	4.04	4.68	1	3.47	5.03	1	1	3.54	2.63	1	2.79
39409_at	10.23	9.93	10.24	8.45	9.12	9.89	10.75	10.88	10.12	10.4	10.25	10.24	11.23	9.83	10.89	10.49	10.55	10.66	10.97	9.98	10.23	10.78	10.18	10.86	10.99	9.74	10.07	9.45	9.7	9.79	9.91	8.72	8.95	9.64	9.54	8.99	9.42	8.4	9.62	9.14	9.96	8.66	7.79	7.1	8.25	8.49	8.22	8.32	8.74	8.93	7.68	7.85	8.33	8.35	8.53	7.94	8.18	7.15	8.24	8.33	8.46	8.48	7.81	7.41	8.66	8.33	7.87	9.45	9.01	8.63	6.18	8.22	9.3	8.68	8.29	8.07	7.8	8.77	9.02	8.88	7.63	7.75	9.18	9.26	8.5	8.41	7.79	8.5	8.02	9.07	8.75	9.01	8.28	9.41	8.44	7.96	8.48	8.57	8.59	10.25	8.87	8.87	8.58	8.55	8.53	7.36	7.69	10.15	8.37	6.53	6.84	6.06	9.55	8.24	8.96	9.11	9.63	10.35	9.38	8.93	9.76	8.93	8.17	8.46	7.5	8.74	7.88	8.03	8.1	8.14	8.76	9.11	9.27	9.34	8.38	9.46	7.49	9.03	8.95	9.33	9.17	6.86	7.85	8.14	8.2	8.85	8.74	8.1	9.43	9.3	8.01	6.62	8.91	8.36	7.97	8.56	8.43	8.2	7.43	7.74	8.46	8.87	10.29	7.16	8.77	7.8	7.89	7.83	8.58	7.41	8.39	9.12	8.6	8.13	9.13	7.86	8.96	8.7	8.43	5.43	7.75
34228_r_at	3.36	1	9.76	1	1	10.02	6.09	6.94	1	5.81	7.54	8.99	6.27	5.95	7.62	7.73	3.46	9.83	5.87	6.72	1	1	2.38	8.5	1	1.81	3.15	4.84	1	1	4.94	1	1	1.54	1	1	1	1	1	1	2.17	1	1	1	1	1	5.15	2.63	0.38	1	2.04	2.81	1	1	1	1	1	1	1	3.32	1.93	1	1	1	1	3.51	1	1	3.75	1	1	1	1	2.77	3	2.04	1	1	1	1	1	1	1	1	1	0.26	1	1	1	2.43	1	1	1	1	1	1	2.07	0.14	2.26	1	1	1	1	1	1	1	1.72	1	2	1	1	1	2.96	2.56	1	1	1	1.2	1.07	1.26	1.49	2.7	1	1	1	1	1	1.89	1	1	1	1	1	3.66	1	2.61	1	3.86	1	1	1	1	1	0.85	1	2.79	1	1	1.54	2.04	1	3.12	1	3.12	1	3.22	1	1	1	1	1	1	1	1	1	2.54	2.46	1	4.14	1	1	1.49	1	1	1	1	1	2.26	1	1	0.68
33327_at	8.88	7.66	9.13	4.48	9.29	9.53	8.87	9.48	9.85	8.17	9.4	10.13	9.61	8.36	9.03	10.31	8.85	9.56	8.82	9.23	8.47	8.72	6.77	8.86	9.04	9.93	8.09	8.24	8.91	7.87	9.65	3.98	5.41	1.07	5.82	6.55	5.15	3.94	7.58	5.64	5.3	6.33	6.12	1.38	5.73	5.03	5.84	4.22	6.34	6.57	5.14	1	1	1	5.13	1.43	3.71	5.51	6.03	6.93	6.96	1	4.31	1	7.14	6.32	3.04	3.87	2.66	7.07	6.82	7.12	6.51	4.01	5.18	1	9.01	6.35	3.32	4.14	4.71	1	4.56	5.68	4.98	5.05	6.73	4.64	3.71	5.63	7.15	5.57	3.9	5.15	4.5	5.27	3.32	5.3	5.13	4.14	5.57	6.05	5.7	1	3.19	5.54	4.71	5.83	3.05	4.94	1.26	4.59	4.31	4.74	4.53	4.73	5.07	6.75	6.6	5.55	3.66	6.71	7.04	5.95	8.45	6.49	4.29	0.38	1	3.51	6.57	1	5.02	6.31	6.69	4.78	7.75	6	4.02	5.15	5.99	2.91	6.42	4.41	2.49	7.31	7.21	5.15	5.3	5.5	5.28	5.01	3.36	6.96	3.78	7.41	5.69	7.17	5.92	3.22	6.95	1	5.99	4.45	6.67	7.54	4.82	3.95	2.85	5.37	6.44	5.74	4.64	5.92	4.48	2.7	1	4.26	7.01	6.57	5.13
613_at	10.07	7.57	9.63	1	9.19	10.1	10.8	10.78	11.35	6.2	8.87	10.91	11.29	1	10.66	10.51	9.93	9.26	10.49	8.03	8.97	10.14	1	7.03	10.03	10.64	5.26	1	7.47	8.15	5.81	1	2.66	1	1	1	1	1	1	1	1	1	1	1	1	1	6.78	1	1	1	1	1	1	1	4.32	1.77	1	1	5.09	1	1	4.93	1	6.06	1	1	1	5.62	1	1	1	1	1	1	2.29	1	1	1	1	4.7	1	1	1	12.32	6.51	1	1	1	1	3.43	1	1	5.38	1	1	1	1	1	1	5.58	1	4.36	1	1	1	1	3.66	3.5	1	1	1	1	1	11.02	1	1	1	5.6	1	1	1	1	1	11.86	1	1	1	1.81	1	1	1	8.8	1	1	1	1	1	1	1	1	1	1	1	1	2.98	1	1	1	11.24	11.18	1	1	1	1	5.03	1	7.25	5.94	1	1	5.03	4.72	8.49	1	1	1	1	1	1	1	0.93	1	5.03	1	9.06	1	1	1	1	6.47	5.44
36130_f_at	10.62	11.26	10.59	11.89	10.98	11.02	11.86	11.73	11.86	11.61	11.05	10.68	11.94	12.87	12.13	9.46	10.96	11.85	13.13	11.82	11.18	12.31	11.56	10.35	12.89	11.78	10.43	12.77	10.96	11.84	12.55	8.69	9.14	9.97	9.79	10.63	9.81	9.87	9.41	9.66	11.15	11.08	11.23	8.14	9.26	9.09	8.31	10.25	10.69	10.94	9.89	8.74	8.46	8.32	9.39	9.84	9.33	9.65	10.76	9.66	8.82	9.58	8.83	10.4	9.27	8.91	8.84	8.51	10.41	9.14	9.08	10.29	9.16	10.34	10.32	9.34	11.48	10.79	9.14	9.51	10.55	10.43	9.86	10.31	9.56	9.75	9.67	9.76	8.93	9.24	8.43	9.14	9.97	9.92	9.91	8.72	9.88	10.62	9.91	9.56	9.76	10.34	9.9	9.95	9.59	8.78	10.32	9.17	9.7	9.42	9.6	9.42	10.01	11.28	8.63	8.73	9.65	10.82	10.17	9.53	9.87	10.91	11.19	9.75	9.25	9.78	9.08	9.23	10.97	11.32	11.77	10.6	9.1	9.4	9.89	9.94	8.37	9.41	9.2	10.68	9.88	9.6	8.55	9.38	9.9	8.99	9.47	9.78	10.42	10.36	10.53	9.79	10.76	9.46	10.63	9.68	10.4	11.74	8.66	9.25	8.95	9.56	10.21	9.16	10.33	10.18	9.43	10.36	9.77	9.13	9.01	9.8	9.41	8.81	9.72	8.77	10.29	9.7	10.25	8.31	9.06
33891_at	10.07	9.2	9.33	9.06	9.31	9.37	9.27	9.43	9.89	10.46	9.89	9.46	8.14	8.33	9.3	8.35	9.1	8.43	8.73	7.76	7.63	9.22	8.35	8.74	9.23	8.7	8.12	7.78	8.48	8.38	10.6	7.89	7.73	7.73	7.66	7.69	7.89	6.85	8.01	8.28	8.09	8.21	8.04	6.92	7.55	7.47	7.95	7.8	8.28	7.85	7.08	6.29	6.81	6.73	8.19	6.67	6.6	7.48	7.67	6.76	7.75	7.76	7.41	8.29	7.01	6.54	7.28	7.47	7.02	7.32	6.61	7.24	7.07	7.8	7.33	7.56	6.01	7.84	6.9	7.05	7.26	7.54	7.22	7.77	7.84	7.27	7.06	7.57	7.21	7.61	7.38	7.53	7.73	7.76	7.41	7.6	7.38	7.29	7.43	8.66	8.17	7.89	8.31	7.6	7.62	6.72	8.86	7.78	7.58	6.05	6.19	6.65	7.66	7.92	7.52	7.87	7.61	8.1	8.17	7.41	8.68	7.99	7.83	8.02	8.1	8.25	6.88	6.79	7.07	6.99	8.08	8.08	7.87	7.86	6.95	7.52	6.51	8.27	7.07	8.77	7.42	7.24	7.09	7.43	6.66	7.11	7.45	7.8	7.73	7.83	7.82	6.74	8.56	7.38	7.57	8.22	7.65	8.26	7.01	7.83	7.1	7.73	8.46	7.13	7.74	7.39	8.23	7.57	7.98	7.21	8.03	8.03	7.98	7.98	8.28	7.5	7.92	8.01	8.01	6.38	7.3
40313_at	5.87	4.07	6.71	1	5.91	6.65	4.19	5.09	6.53	4.29	6.41	6.15	5.26	1	5.69	1	1	0.77	5.25	4.31	1	1	1	1	5.54	6.88	1	1	1	1	1	1	1	1	1	1	1	1	1	1	1	1	1	1	1	1	5.97	1	1	1	1	1	1	1	1	1	1	1	1.63	2.17	1	1	1	1	1	1	1	1	1	1	1	1	1	1	1	1	1	1	1	1	1	1	1	1	1	1	1	1	1	1	1	1	1	1	1	1	1	1	1	1	1	1	1	1	1	1	1	1	1	1	1	1	1	1	1	1	1	1	1	1	1	1	1	1	1	1	1	1	1	1	1	1	1	1	1	1	1	1	1	1	1	1	1	1	1	1	1	1	1	1	1	1	1	1	1	1	1	1	1	1	1	1	1	1	1	1	1	1	1	1	1	1	1	1	1	1	1	1	1	1	1
376_at	9.35	8.68	9.53	8.8	9.73	10.65	9.64	10.19	9.91	9.61	8.77	8.97	8.95	9.06	9.28	8.06	8.65	8.91	9.15	7.94	7.14	8.77	6.75	8.79	5.43	8.31	5.53	7.35	8.13	8.04	7.38	7.37	6	6.63	6.43	5.88	6.87	5.85	6.68	6.46	6.69	6.04	5.51	4.34	5.67	5.56	3.52	6.28	6.43	5.92	6.01	1	4.23	4.72	5.61	5.48	4.19	7.49	7.04	4.94	5.06	6.39	4.55	7.54	6.49	6.01	5.05	5.6	6.74	5.68	5.02	5.76	5.21	7.27	7.66	3.94	6.58	6.7	4.83	5.5	5.18	6.22	5.96	7.19	6.68	6.14	5.47	6	5.74	6.12	5.68	6	5.08	6.21	7.27	6.22	7.67	6.82	7.39	7.49	6.75	7.88	6.62	6.07	6.5	5.19	4.68	6.77	3.71	4.29	2.49	3.66	5.72	5.62	4.2	5.8	6.22	5.64	6.98	6.39	7.95	6.27	5.8	6.54	4.51	7.92	6.25	5.59	4.94	3.15	7.78	6.51	6.01	5.86	6.83	5.65	6.38	6.36	4.64	7.07	5.78	5.23	5.06	6.12	5.43	5.53	5.39	5.76	6.27	6.35	5.12	4.68	6.72	4.47	7.25	6.25	6.05	6.02	5.51	5.2	6.11	6.24	6.49	5.74	6.99	6.95	5.22	6.16	6.2	6.29	6	7.95	6.05	5.86	6.68	2.87	7.26	5.55	6.54	8.56	7.36
35721_at	4.24	7.93	1	1	6.77	1	0.49	8.71	5.66	5.7	5.76	5.78	6.44	3.95	5.24	1	9.53	1	5.83	4.52	11.86	1	5.03	10.16	9.73	4.23	4.04	1	6.67	1	7.78	1	0.58	1	1	0.77	1	1	1	1	1	3.66	0.68	1	1	2.35	4.53	1	1	1	1	1.38	1	1	0.77	1	1	1	0.49	1	1	1	1	1	1	1	1	1	3.15	3.39	1	1.77	1	4.36	2.49	1	1.89	1	2.32	1	1	1	1	1	2.46	2.56	1.58	2.43	1	1.68	1	3.55	1	1	1	1	1	1	1	1	1	1.26	1	1	1	1	1	1	1	1	1.14	1	1	1	1	1	4.74	1	3.32	1	1	1	1	1	1	1	3.45	4.2	1	1	1	1	1	1	1	1	3.07	1	1	1	1	1	1	2.32	1	1	1.32	1	1	1	1	4.5	3.77	1	1	1	1	1	1	1	2.04	1	1	1	2.32	2.26	1	1	1	1	2.63	1	1	1	1	1	1	2.38	1	2.87	1.89
33355_at	8.98	7.88	8.66	7.34	9.46	8.95	8.53	8.85	9.31	7.7	8.94	8.53	7.54	7.94	8.59	9.2	8.62	8.19	8.38	7.69	7.97	7.34	5.63	7.6	7.38	8.4	8.97	5.52	8.02	6.1	7.67	6.57	4.73	6.06	4.53	4.2	6.12	6.17	5.7	4.69	5.1	5.21	5.05	6.21	5.71	5.59	6.92	4.73	5.72	5.65	7.19	6.76	6.13	6.63	5.42	4.7	6.89	6.11	5.25	6.06	5.57	8.2	5.81	7.14	4.02	5.5	6.54	7.47	4.8	4.72	5.62	6.11	5.95	4.9	5.5	6.7	5.47	7.15	6.92	5.8	5.2	5	5.8	5.94	6.55	4.81	7.06	5.31	7.66	4.39	6.8	5.88	4.92	5.71	4.13	7.25	5.81	4.84	5.02	6.44	5.67	7.58	5.49	3.88	6.13	5.27	8.13	5.89	5.27	5.27	4.69	5.71	5.04	4.34	6.09	5.66	4.89	6.43	4.09	5.87	5.54	6.38	6.28	5.91	6.96	5.81	5.06	4.51	5.99	5.78	5.27	6.26	5.91	5.21	6.51	5.87	6.62	5.82	5.17	7.3	5.2	6.35	5.15	6.24	5.56	5.35	4.65	4.91	4.75	5.39	5.64	7.16	6.02	6.21	6.63	7.25	6.23	6.9	5.16	6.14	5.44	6.2	6.5	5.75	5.85	5.73	7.2	6.78	4.03	3.93	5.11	4.24	5.94	5.87	5.91	1	6	5.57	6.21	7.51	6.65
39795_at	10.48	10.34	10.56	10.12	10.8	10.31	10.42	10.63	10.87	11.06	10.49	10.74	10.5	10.43	11.03	10.23	10.53	10.25	10.59	10.74	10.55	11.53	10.23	10.43	11.14	10.75	10.42	10.56	11.03	10.71	11.31	9.77	9.75	10.06	9.59	9.45	9.64	9.19	9.73	9.72	9.41	10.56	10.49	9.53	9.3	9.56	8.23	9.72	9.99	9.97	9.5	9.5	9.32	9.76	9.3	9.82	9.41	9.47	9.69	9.81	9.78	9.99	9.27	10.38	10	10.11	9.34	9.9	9.87	9.57	9.45	9.71	9.43	9.63	9.79	9.92	9.87	9.63	9.3	9.68	9.61	9.74	9.45	10.54	10.14	10.16	9.65	10.05	9.85	9.63	10.06	9.17	9.47	10.23	9.55	9.07	9.56	9.55	9.71	10.16	9.78	9.64	9.86	9.53	9.7	9.58	10.61	9.71	9.01	9.48	9.45	9.66	9.22	9.9	9.98	10.14	9.78	10.38	9.24	9.46	9.94	9.83	9.98	9.98	10.49	9.65	10.19	10.5	9.49	9.11	9.81	9.97	9.5	9.87	9.94	9.35	9.9	9.56	8.96	10.13	9.71	8.98	9.52	9.55	9.47	9.93	9.89	10.05	9.97	9.72	9.57	9.2	9.73	9.18	9.78	9.38	9.74	9.83	9.48	10.68	9.29	8.92	10.05	10.31	9.83	10.26	9.84	10.05	9.09	9.5	9.63	9.85	9.56	9.51	9.94	9.47	9.73	9.37	9.95	9.58	9.81
37205_at	7.48	7.84	7.79	6.15	7.51	7.1	6.9	7.3	7.29	7.94	8.1	7.19	6.43	7.84	7.71	7.92	7.15	6.77	7.21	7.19	6.34	7.98	7.29	6.96	6.85	5.24	5.67	6.74	7.67	7.07	7.08	1	5.15	1	1	2.89	5.1	1	5.73	3.2	1	5.18	4.38	1	1	1	1	1	1	1	1	1	1	1	1	4.67	1	1	1	1	1	5.87	3.88	1	1	1	1	6.32	1	1	1	2.35	1	1	1	1	1	1	1	6.53	1	1	1	5.36	1	1	1	1	1	0.38	1	1.93	1	1	4.35	1.07	4.73	1	3.31	6.65	6.26	4.03	6.36	5.66	1	1	1	6.29	3.66	1	1	1	1	6.57	1	1	1	8.37	1	1	5.3	1	5.87	6.34	1	1	1	4.1	1.93	6.25	5.28	1	5.8	1	1	7.05	5.29	6.16	5.89	5.22	1	3.04	1	1	1	5.18	2.63	1	1	1	1	4.55	1	4.04	2.07	6.56	4.22	5.94	1	5.34	1	1	6.6	1	1	1	4.22	1	3.78	1	1	5.74	1	5.67	3.47	1	7.94	4	1	1	1
39616_at	7.03	4.57	4.7	0.77	6	6.81	3.63	5.5	5.76	6.4	8.5	3.71	1	5.37	5.34	2.14	5	5.3	1	1	3.42	5.68	4.09	3.19	2.81	4.72	4.97	3.98	3.57	4.65	6.3	3.54	3.85	2.26	3.5	0.14	1	1	1	1	3.1	1	3.15	3.1	2.2	1	1	2.07	1	1	2.72	1	1	1	0.77	3.72	0.14	1	1	1	1	1	1	0.49	1.26	1	1	4.26	1	1	1	1	1	1	1	1	1	2.79	1	1	1	0.93	1	2.54	3.28	1	1	1	1	1	1	1	1.68	1	1.38	1	1.2	2.91	1	1	1	1	2.74	1	1	1.68	0.77	1	1	4.55	1	4.65	3.2	2.7	1	0.93	1	5.17	1	1	1	3.54	1	2.93	1	1	1	1	1	1	1	1	2.29	1	1	1	1	1	2.43	1	3.57	1	1	2.38	2.91	2.14	1	1	1.63	3.02	1	3.36	1	4.33	3.09	1	1	1	1	1	1	1	2.56	1	1	1	1	1.72	0.14	1	3.93	1	1	1	1	1	1	3.26	1	1	1
31444_s_at	12.29	13.83	11.85	12.5	12.21	13.04	12.18	12.17	12.33	13.2	11.96	13.08	13.48	14.05	12.88	13.55	13.22	13.22	14.91	13.31	14.63	13.7	13.44	13.14	13.39	14.46	13.64	15.08	15.49	14.78	15.18	11.7	11.97	12.25	12.26	12.31	12.2	12.49	12.35	12.04	12.19	11.92	12.12	12.18	11.57	11.62	11.18	11.98	12.45	12.61	11.97	12.36	11.89	12.11	11.75	12.12	12.05	11.52	11.47	12.45	11.57	12.12	11.08	11.99	12.28	12.13	11.36	12.77	11.63	12.14	12.28	11.44	11.96	12.42	12.06	11.87	12.7	12.72	12.31	11.96	12.2	12.27	11.65	12.57	11.8	11.92	12.18	12.68	12.04	12	11.79	12.02	11.73	12.52	11.84	11.61	12.05	12.39	11.7	12.08	12.03	11.66	12.02	12.52	12.38	11.91	12.3	11.94	11.83	11.15	11.32	10.98	11.96	12.32	12.18	11.87	12.06	13.54	12.14	12.84	12.14	12.14	12.55	12.61	12.75	12.28	11.55	12.13	10.57	11.1	12.37	12.1	11.67	12.33	12.37	12.18	12.57	12.46	11.79	12.45	12.34	11.97	11.87	11.34	11.87	12.25	12.63	12.05	11.67	11.66	11.55	11.19	11.92	11.53	12.45	11.59	11.52	12.27	12.09	12.42	11.48	10.42	12.25	12.21	12.17	12.27	11.26	11.66	11.71	11.89	11.84	12.04	11.59	11.35	11.89	11.1	11.81	11.53	12.03	11.84	12.38
41839_at	10.62	9.64	10.58	6.17	8.71	10.13	8.53	8.89	8.1	9.78	10.59	10.81	7.16	8.72	9.9	10.97	8.51	11.67	8.33	9.36	7.37	6.82	8.55	8.71	7.74	7.87	6.86	7.62	9.4	8.46	8.63	4.27	4.99	6.54	5.53	5.1	5.75	3.29	7.57	6.85	6.5	6.78	6.57	5.13	5.58	5.5	1	3.58	5.77	5.52	4.15	4.27	4.47	4.41	6.18	6.05	4.36	1	5.95	1	2.85	4.87	4.13	1	4.41	0.77	2.74	7.81	4.96	5.31	1	4.84	4.81	5.75	4.13	3.26	5.17	6.51	4.97	4.92	2.35	4.33	6.12	7.17	6.71	5.73	1	5.76	1	4.43	3.73	5.82	6.38	5.4	5.24	5.19	4.79	4.73	4.45	7.55	7.21	6.33	7.19	6.54	6.82	3.83	6.77	6.82	3.55	1.38	2.61	1	6.03	5.56	5.39	4.77	5.51	7.13	5	4.28	6.46	6.22	5.22	7.69	1	6.77	3.09	4.72	3.9	4.75	7.6	7.18	6.46	6.86	4.01	3.82	2.66	5.76	5.68	2.58	4.21	3.85	1	6.52	5.71	5.23	5.66	4.3	5.74	6.15	4.11	4.58	7.36	4.75	3.93	5.7	6.04	4.78	4.05	4.16	2.93	5.99	8.28	4.07	4.34	3.54	3.79	3.63	5.51	1	5.32	7.56	5.04	4.45	6.92	4.9	5.24	6.62	4.52	1	4.31
769_s_at	12.4	13.97	11.99	12.62	12.28	13.27	12.25	12.23	12.42	13.22	12.1	13.18	13.68	14.2	13.02	13.64	13.35	13.22	14.99	13.35	14.63	13.74	13.58	13.14	13.54	14.57	13.71	15.09	15.41	14.89	15.14	11.77	12.24	12.47	12.35	12.32	12.19	12.5	12.43	12.15	12.2	12.01	12.07	12.16	11.76	11.69	11.45	11.99	12.52	12.63	12.14	12.41	12.04	12.03	11.9	12.15	12.2	11.53	11.6	12.36	11.76	12.1	11.12	12.18	12.23	12.06	11.22	12.64	11.79	12.27	12.17	11.44	11.87	12.56	12.25	12.01	12.76	12.79	12.45	12	12.34	12.41	11.75	12.54	11.84	11.86	12.2	12.69	12.08	12.01	11.65	12.03	11.68	12.64	11.9	11.7	12.17	12.5	11.72	12.17	12	11.9	12.11	12.68	12.4	11.93	12.21	11.99	11.94	11.23	11.4	11.05	11.99	12.4	12.13	11.89	12.23	13.88	12.12	12.93	12.15	12.28	12.56	12.68	12.69	12.35	11.4	12.12	10.58	11.05	12.41	12.09	11.72	12.49	12.4	12.35	12.59	12.58	11.7	12.53	12.3	12	12.04	11.45	11.98	12.35	12.61	12.12	11.83	11.77	11.6	11.12	12	11.51	12.39	11.69	11.68	12.29	12.08	12.47	11.64	10.55	12.26	12.36	12.17	12.45	11.15	11.74	11.81	11.88	11.93	12.06	11.68	11.36	11.89	11.2	11.78	11.68	12.16	11.9	12.47
36533_at	8.91	9.4	8.8	4.24	10.15	9.74	10.17	10.14	9.14	10.65	10.2	9.61	7.64	10.09	10.58	10.89	9.19	11.47	9.95	10.67	9.08	10.43	8.31	10.29	10.12	10.9	9.25	5.73	9.96	10.6	9.84	6.24	5.31	8.44	7.3	5.83	7.82	6.52	2.94	6.99	7.23	7.6	7.23	0.26	5.42	6.85	1	5.56	2.49	5.28	1	1	1	1	6.34	1	1	1	4.59	3.49	1	6.02	6.36	1	3.67	4.22	1	4.29	5.48	3.1	1	5.35	4.43	2.83	1	1	1	5.19	4.99	4.78	1	1	1	3.82	1	1	1	5.67	1	4.32	6.92	1.26	1	7.26	5.89	1.93	4.66	5.75	5.44	7.51	4.62	6.07	5.54	7.08	5.96	4.58	2.56	6.94	1	1	1	1	5.76	2.51	4.99	3.05	4.61	7.77	6.71	7.23	4.3	7.99	6.26	1	1	0.85	6.77	6.91	2.74	3.62	6.67	6.03	6.74	6.6	4.52	1	3.77	5.95	3.64	6.09	6.26	1	5.48	5.53	4.63	6.02	4.86	1	5.79	5.67	2.74	1	1	1	1	0.26	4.73	6.02	1	3.31	4.94	7.26	8.48	1	6.15	3.19	2.93	3.04	1	2.79	6.86	6.22	5.55	2.81	7.06	1	6.77	7.55	3.07	1	4.67
41587_g_at	3.05	4.82	4.77	1	1	5.14	7.79	6.68	6.56	2.77	1	2.77	4.62	1	6.26	3.61	4.41	0.77	5.38	1	1	1	1	7.12	3.95	3.2	5.29	1	6.57	1	3.86	1	1	1	1	1	1	1	1	1	1	1	1	1	1	1	1.38	1	1	1	1	1	1	1	1	1	1	1	1	1	1	1	1	1	1	1	1	1	1	1	1	2.66	1	1	1	1	1	1	1	1	1	1	1	1	1	1	1	1.26	1	1	1	1	1	1	1	1	1	1	1	1	1	1	1	1	1	1	1	1	1	1	1	1	1	1	1	1	1	1	1	1	1	1	1	4.1	1	1	1	1	1	1	1	1	1	1	1	1	1	1	1	1	1	1	1	1	1	1	1	1	1	2.29	1	1	1	1	1	1	1	3.12	1	2.26	1	1	1	1	2.04	1	1	1	1	1	1	1	1	1	1	1	1	1	1	1	1
41388_at	7.69	6.73	8.32	5.3	7.81	8.01	7.34	7.68	7.4	6.97	7.43	6.78	6.75	3.25	8.42	6.33	7.61	6.96	7.23	8.05	5.97	4.04	4.47	7.95	7.67	7.33	6.49	4.61	6.88	6.34	6.67	1	1	3.92	4.24	2.56	3.66	3.31	1	4.53	1	1	3.22	1	3.63	1	6.06	4.82	5.25	4.34	4.14	2.63	4.59	2.51	1.14	5.88	5.21	4.41	5.71	1	4.11	3.28	3.28	1	1	2.79	5.55	3.46	1.26	1.38	1	1	1	1	1	3.42	2.26	2.96	4.43	4.74	2.51	1	1.32	2.38	2.66	3.15	3.9	0.14	4.1	2.04	3.09	3.5	3.26	3.05	3	2.79	3.64	1	2.79	4.13	1.85	4.19	1.85	1	5.3	4.83	2.14	4.11	3.78	1	1	1	1	4.07	3.5	5.44	3.47	4.96	1	1	1	2.49	1.63	4	3.41	4.04	3.81	3.22	1.38	3.23	4.39	3.38	0.58	1	1	1	3.89	5.66	1	4.31	1	3.67	4.64	1	2.63	4.8	3.69	3.93	1	3.39	3.14	1	2.58	1.38	3.2	4.07	4.03	3.83	4.32	7.37	4.81	3.43	5.44	4.89	5.21	4.61	1.96	3.26	1	1	4.13	2.41	3.25	4.86	4.54	2.98	1	1	4.17	2.46	3.34
1616_at	8.81	8.07	8.43	4.93	6.35	7.68	5.78	7.79	8.73	7.77	7.78	10.02	8.73	9.17	8.73	10.02	8.79	9.4	7.83	7.63	8.63	6.59	5.29	6.68	7.14	7.28	8.38	6.42	6.55	7.07	6.93	5.26	5.41	5.83	6.2	4.26	5.15	5.45	5.35	4.28	3.66	4.17	3.39	4.03	4.35	6.87	4.15	2.51	5.02	5.1	3.57	2.58	3.66	4.36	5.52	4.5	4.12	4.78	4.86	3.09	2.93	5.18	4.5	4.67	4.75	5.4	7.24	4.26	5.18	6.3	6.43	7.03	5.28	6.02	4.43	6.89	5.36	4.03	5.36	4.39	3.39	4.54	7.15	4.36	4.61	4.97	5.68	5.19	5.09	4.84	4.19	4.82	2.98	4.26	5.57	3.12	6	5.52	6.12	4.81	4.66	5.49	4.22	4.85	4.92	2.87	4.34	4.6	4.11	4.72	3.1	4.83	3.17	4.66	4.29	3.25	3.77	1	5.32	4.52	3.43	4.22	3.98	3.47	4.54	3.02	4.15	2.29	6.91	6.05	4.45	4	4.86	5.19	4.47	5.56	3.42	4.88	2.2	4.51	1	3.1	4.48	4.77	3.98	4.15	3.45	5.23	4.43	5.01	4.49	5.3	5.47	6.6	5.91	5.64	5.31	6.63	1	2.79	4.71	3.31	4.36	3.82	3.54	3.45	2.49	2	3.74	3.93	4.1	4.36	4.56	5.47	5.16	5.11	3.55	4.63	5.25	4.74	4.31
179_at	9.99	7.18	10.76	7.99	8.69	8.56	11.11	11.1	10.86	8.65	8.78	10.7	11.64	9.59	10.47	9.83	9.25	11.64	11.54	10.25	9.89	11.26	8.49	10.52	9.2	9.46	8.69	8.45	9.62	9.6	9.19	8.1	6.51	8.37	7.67	7.07	7.84	8.32	8.09	7.7	7.03	7.82	7.79	8.15	7.84	7.37	8.62	7.72	7.53	8.11	7.44	7.81	7.9	8.19	6.77	8.3	7.2	8.32	4.45	7.01	8.26	7.85	7.74	8.78	7.76	8.43	7.86	7.14	7.72	7.7	8.62	7.58	7.97	7.72	7.56	7.98	8.4	8.45	7.92	8.17	8.57	8.17	8.1	8.11	8.42	7.12	8.22	6.87	7.84	7.21	8.14	6.76	7.79	5.87	7.86	6.89	8.26	8.09	7.71	6.76	7.24	7.53	6.9	7.47	7.8	8.04	8.28	8.02	8.06	7.79	7.1	6.66	7.17	8.42	7.47	6.61	7.87	7.67	7.85	6.85	7.82	7.98	8.15	7.8	7.81	7.6	8.12	8.29	7.96	7.88	8.22	6.46	7.48	6.29	7.74	7.19	8.41	7.38	7.07	5.41	7.71	7.8	7.39	7.79	8.87	7.79	7.3	7.75	7.19	8.05	7.61	8.05	7.59	7.44	8.27	7	7.15	8.39	8.1	7.98	8.12	8.24	7.68	8.12	8.13	7.93	8.3	6.14	8.13	7.73	7.99	6.25	7.35	6.7	7.45	7.71	8.13	6.42	6.92	8.29	7.17
34070_s_at	3.87	5.88	0.93	1	4.85	4.67	9.64	6.86	9.1	6.88	6.05	5.59	7.9	1	7.91	1	6.07	7.11	9.96	5.66	6.74	10.47	1.26	7.47	7.94	7.97	5.64	3.26	5.23	4.64	8.53	1	1	3.05	1	1	1	1	1	1	1	1	1	1	1	1	6.63	1	1	1	1	1	1	1	1	1	1	1	4.06	3.89	1	1	5.58	4.56	0.14	1	1	1	1	1	1	1	1	1	1	1	1	4.14	0.85	4.05	1	1	1	1	1	1	1	1	1	1	1	1	1	1	1	1	1	1	1	1	1	1	1	1	1	2.04	1	1	1	3.75	1	1	1	3.45	1	1	1	1	1	1	1	1	1	1.85	5.83	1	1	3.54	5.98	6.32	1	1	1	1	1	1	1	1	1	1	1	1	2.2	1	1	3.52	1	1	1	1	1	1	3.32	2.68	1	1	1	1	1	1	1	1	1	1	1	1	7.52	1	1	1	1	3.86	1	1	1	2.89	1	1	1	1	1
36206_at	7.84	5.91	7.92	5.33	7.08	8.31	7.62	8.67	8.37	6.31	8.37	6.3	6.03	5.78	8.07	4.59	6.56	6.77	4.97	6.08	5.64	6.68	1	4.95	6.54	6.62	2.58	1	1	2.14	6.61	3.43	1	4.18	1	1	1	1	1.58	2.63	2.2	0.85	1.49	1	1	1	1	1	1	1.54	1	1	1	1	1	1	1	1	1	0.68	1	1	1	6.34	1	2.93	2.91	1	3.12	1	1	1	1	1	1	1	2.74	3.7	1	1	1	1	1	1	2.49	1	1	5.19	1	1	1	1	1	1.72	1	1	1	1	1	1	2.79	2.26	2.93	1	1	1	1.96	1	1	1	1	1	1	1	1	0.77	1.63	1	1	1	4.26	1	3.23	1.93	1	2.38	1.81	4.43	5.24	2.81	1	1	1	1	3.81	1	2.96	1	3.1	1	1	1	1	3.31	1.85	2.68	1	3.91	1	1	1	3.43	4.66	1	1	1	1	1	1	3.17	1	3.22	1	1	2.63	1	1	5.84	4.57	2.38	1	1	2.1	1.2	4.03	1	3.43	2.83	3.54	6.84	6.02
41870_at	7.05	6.96	7.78	4.75	5.32	7.85	9.5	8.97	7.18	9.01	8.37	8	8.1	1	9.35	6.54	5.48	8.38	9.16	6.52	7.48	7.33	1	9.29	8.26	8.58	1	1	1	4.08	9.56	1	1	1	1	1	1	1	6.51	1	1	5.34	4.37	1	1	1	1	1	6	1	1	1	1	1	3.32	1	1	1	1	1	1	1	1	1	1	1	1	5.29	1	1	1	1	1	1	5.75	1	1	1	1	1	1	1	1	5.21	1	1	1	1	1	1	1	1	1	1	1	1	1	1	1	1	1	1	5.15	1	1	1	1	1	2.98	6.71	5.26	5.61	1	1	1	1	1	3.92	1	1	4.03	1	1	5.74	1	1	1	1	1	1	1	5.18	1	1	1	1	1	1	1	1	1	1	1	1	1	1	1	1	4.59	1	1	1	6.34	1	1	1	1	5.82	1	1	1	1	6.48	1	1	1	1	1	1	1	1	1	1	1	1	1	1	1	1	1	1
39930_at	4.64	3.49	7.21	5.42	5.37	7.52	7	7.04	6.84	1	6.29	3.93	7.87	5.68	6.95	5.44	3.93	6.16	1	5.14	1	8.09	1	5.45	5.51	5.9	1	3.26	3.69	1	4.78	1	1	1	1	1	1	1	1	0.93	1	1	1	1	1	1	1	1	1	1	1	1	1	1	1	1	1	1	1	1	1	1	1	6.06	1	1	1.54	1	1	1	1	1	1	1	1	1	1	1	1	1	1	1	1	1	1	1	1	1.14	1	1	1	1	1	1	1	1	1	1	1	1	1	1	1	1	1	1	3.97	1	1	1	1	1	4.88	1	1	1	1	5.47	1	1	1	5.77	6.46	1.63	1.54	1	1	1	1	1	1	1	1	1	1	1	1	1	1	1	1	1	1	1	1	1	1	1	1	1	1	1	1	1	1	1	1	1	1	1	1	1	4.1	3.82	1	1	1	1	1	3.15	1	1	1	1	1	1	1	1	1	1	1
39640_at	10.18	9.01	10.5	8.32	9.91	10.41	10.24	11.25	10.53	10.31	9.09	10.39	9.96	8.56	11.7	10.39	9.28	11.36	9.9	9.87	9.99	7.03	9.68	10.14	11.83	9.88	8.98	9.07	8.49	8.71	9.5	6.36	7.61	8.25	7.34	7.4	8.56	8.37	7.27	8.21	8.4	7.24	6.58	7.29	7.96	7.01	6.87	7.5	8.77	6.62	5.51	6.32	8.26	7.23	6.53	6.76	6.98	8.03	6.37	5.73	7.83	7.86	6.31	7.28	7.79	7.49	4.19	7.75	8.38	7.89	7.95	5.94	6.59	7.24	7.59	6.12	4.94	8.43	7.61	7.79	6.48	6.96	8.05	7.72	8.12	8.03	5.83	7.6	7.77	7.77	7.93	7.17	7.87	8.15	7.96	6.33	7.79	8.09	8.29	8.42	7.75	7.97	6.65	6.53	7.67	6.42	7.58	7.23	4.63	6.46	5.9	7.31	7.52	6.52	6.98	6.59	6.42	7.53	8.12	6.95	8.75	8.44	8.04	6.17	7.81	6.11	7.64	6.47	7.82	6.47	6.88	8.32	7.05	7.63	6.64	6.76	6.27	7.5	5.8	7.78	7.03	7.05	6.52	8.07	6.56	6.95	7.24	6.47	7.5	6.95	5.9	7.03	6.99	6.57	6.44	7.42	7.57	7.46	6.09	7.8	7.69	7.29	7.33	7.13	6.14	5.36	4.22	6.87	6.68	6.09	7.63	7.16	7.92	6.53	8.35	7.8	6.61	8.58	5.63	7.64	7.2
33328_at	10.39	10.15	9.52	10.19	10.01	9.24	9.07	10.38	9.72	10.39	9.76	10.68	9.6	8.85	10.39	10.08	9.52	10.41	8.42	8.84	9.95	7.66	8.93	9.25	9.76	9.86	9	10.2	9.84	9.86	8.79	7.4	7.13	8.17	7.94	7.49	7.99	6.94	7.87	8.15	7.98	8.06	7.45	6.73	8.18	7.4	1	7.22	7.91	7.76	6.85	6.46	6.84	6.81	7.74	6.37	6.73	6.83	7.66	6.59	7.27	8.05	7.34	5.5	7.18	7.25	6.2	7.69	7.37	7.62	6.72	6.32	7.11	7.53	7.19	5.35	6.28	7.06	6.5	7.48	7.22	6.72	6.71	8.05	7.15	7.04	6.43	7.23	7.2	7.03	7.52	7.22	7.25	7.43	6.88	7.72	6.96	7.08	6.94	9.08	7.4	7.64	7.5	7.02	7.35	6.87	6.67	7.73	6.59	5.54	5.13	6.36	6.91	6.55	6.45	7.15	6.99	7.64	7.38	7.86	7.91	7.39	7.25	7.74	7.51	7.72	7.41	6.96	7.39	6.92	7.95	7.88	8.01	7.95	7.27	7.04	6.48	8.51	7.14	8.4	7.55	6.84	7.48	7.74	6.74	7.77	7.51	7.04	7.72	7.74	6.14	6.57	6.45	6.52	6.96	7.59	7.71	8.97	6.76	6.9	7.29	7.49	8.42	5.6	7.21	7.03	7.08	6.99	6.8	6.43	7.92	8.19	8.12	8.27	8.6	7.7	7.45	8.06	8.24	6.43	7.51
32382_at	9.37	4.58	10.06	4.43	7.07	10.46	10.58	10.62	10.36	8.89	6.62	10.07	9.38	6.72	11.15	7.91	5.74	9.31	10.32	8.6	7.18	7.28	5.17	7.71	11.28	7.67	5.45	7.08	6.14	7.08	8.64	1	4.29	4.34	2.26	1	2.35	1	3.92	7.1	2.79	1.32	4.73	3.89	1	3.32	6.48	1	1	2.17	1	4.91	1	3.07	3.8	1.72	3.69	5.75	4.73	4.48	2.85	4.3	4.53	1	5.1	3.63	2.79	4.53	1	1	1	1	0.26	1	3.09	3.68	3.61	1	1.38	1	1	1	1	3.14	2.85	3.82	1.32	2.7	1	2.49	4.75	3.42	2.83	7.49	1	1	3.91	4.57	1	1	1	1	1	1	1	0.26	0.49	1	3.73	1	3.69	1	1.77	2.77	1.07	2.49	7.7	6.83	5.11	1	2.32	5.54	1	7.11	1	2.32	4.05	3.86	1	3.66	1	1.54	3.04	2.68	1	3.77	0.14	1.07	4.75	1	1	2.89	1	3.57	4.47	4.03	3.25	1	1	1	4.6	1	4.03	3.12	3.29	1	1	2.68	1	4.96	3.9	2.7	2.94	5.02	8.87	8.17	4.05	3.56	1	1	1	1	2.63	1	6.09	3.85	2.93	3.6	1.07	1	2.2
35947_at	7.13	3	9.04	1	6.12	7.99	8.95	9.22	7.95	6.45	1	7.44	9.23	5.06	8.45	6.7	7.28	7.87	7.55	6.76	7.47	6.7	1	7.21	8.59	1	4.1	1	6.26	5.94	6.5	1	1	1	1	1	1	1	1	3.49	1	5.57	3.07	1	1	1	1	1	1	1	4.24	1	1.89	3.7	4.67	1	1	1	1	1	1	1	1	1	1	1	1	1	1	2.38	1	1	1	1	2.72	1	1	1	4.92	1	1	1	1	1	4.23	2.94	1	1	1	3.82	1	2.26	1	1	1	1	0.77	4.59	1	3.9	0.49	1	2.41	3.66	1	1	1.81	2.91	2.35	1	1	1	1	1	1	1	1.14	3.36	1	1	1	1	3.35	3.92	1.32	1	1	1	1	1	1	1	1	1	1	1	1	1	3.46	1	1	1	4.21	1	1	1	1	1	1	1	1	1	1	3.73	1	5.33	1	1	1	1	1	3.7	4.79	1	0.77	5.59	1	1	1	1	1	3.02	1	2.43	2.72	1	1	3.07	1	1	1
40936_at	10.37	9.67	10.06	8.68	10.44	11.19	9.89	10.67	10.67	10.89	8.28	10.83	10.55	10.02	10.93	10.45	10.6	9.9	10.57	9.37	10.31	8.84	9.39	10.59	10.58	9.87	10.14	10.97	8.58	9.1	9.18	8.58	6.03	6.85	7	5.91	8.06	7.01	7.52	7.94	8.34	4.45	5.17	7.01	7.48	8.98	8.65	7.88	7.46	7.41	7.67	6.54	6.92	6.73	7.8	6.82	6.5	6.91	7.82	7.78	8.32	8.78	7.72	9.09	7.49	7.99	8.41	7.34	7.98	6.99	3.54	7.89	6.86	7.43	6.53	7.06	6.95	7.56	5.88	7.02	7.33	7.77	7.86	6.78	6.76	7.03	6.91	7.7	7.52	6.35	6.35	8.32	7.48	7.93	7.32	7.63	7.33	6.94	6.55	8.3	7.8	8.39	7.8	8	7.72	5.96	7.25	7.48	7.23	6.58	6.69	6.66	6.94	7.13	7.39	7.66	8.29	7.97	7.16	8.47	7.4	7.9	7.37	7.82	7.84	8.33	7.23	7.01	8.5	8.02	7.9	7.86	7.32	7.54	8.06	8.26	7.75	8.65	6.42	7.82	7.8	7.39	7.57	8.56	8.35	8.34	7.77	6.8	7.78	7.89	7.55	6.6	8.67	7.36	8.28	8.82	7.64	9.35	6.35	8.06	6.6	7.35	8.39	6.55	7.48	7.2	6.77	7.35	8.4	8.01	7.16	7.78	8.32	8.94	8.66	7.87	7.37	7.61	8.57	8.5	8.7
32551_at	8.77	9.6	9.86	3.55	9.61	9.46	8.48	9.16	9.81	9.35	9.01	10.39	8.55	7.96	9.51	9.42	8.92	7.81	9.08	8.42	7.45	6.52	7.09	8.93	9.59	8.06	8.63	9.92	7.35	8.43	6.85	5.12	4.19	5.34	5.45	4.9	5.07	4.6	4.56	4.67	5.87	4.86	5.27	5.13	5.66	5.63	7.04	6.55	5.16	5.2	3.9	3.38	1	1.89	5.11	3.29	5.16	5.66	5.92	4.77	4.42	5.54	1	5.68	5.33	6.29	6.1	4.04	4.64	3.9	1	4.71	5.17	5.22	5.66	5.23	2.96	4.81	5.57	5.66	5.86	6.45	7.42	5.49	5.36	6.11	5.78	4.42	5.2	4.9	4.14	5.99	4.47	5.34	5.67	5.59	5.9	5.45	5.9	6.39	5.39	6.58	5.45	5.29	5.44	5.91	2.83	6.15	6.49	5.03	5.83	5.55	5.52	4.54	5.32	4.72	4.97	6.27	5.87	4.19	3.96	6.05	4.21	5.76	5.44	3.52	3.36	3.46	3.46	3.75	5.86	5.21	5.58	5.31	4.73	5.57	3.75	6.34	4.83	5.59	4.94	6.4	5	4.67	4.63	4.72	3.45	3.1	5.91	6	6.13	2.83	4.82	6.22	4.95	5.3	5.34	6.16	5.83	3.95	4.62	5.39	7.23	4.89	4.61	4.43	5.08	3.82	4.86	3.73	5.12	4.49	4.48	5.47	5.27	1	5.17	5.3	6.37	3.26	5.68
41871_at	8.39	8.05	9.25	6.4	6.85	8.1	9.7	9.32	7.81	9.8	9.02	9.05	9.46	8.43	10.41	8.72	8.27	9.16	9.98	8.41	8.33	9.05	8.01	10.42	9.29	8.91	8.96	7.62	7.49	6.83	9.62	6.53	6.59	7.18	6.57	6.73	7.24	6.91	7.48	7.48	7.34	7.3	6.42	6.34	6.8	6.37	6.97	6.05	6.42	6.33	6.4	5.37	5.45	5.64	6.83	6.81	5.46	6.59	6.26	5.83	5.64	7.23	6.7	4.99	6.71	6.26	5.33	6.48	6.88	6.26	5.43	6.6	6.4	7.13	6.7	5.82	6.12	6.75	6.35	6.94	6.11	6.07	6.43	7.53	6.62	6.48	6.78	6.53	7.66	6.55	6.9	6.05	6.75	7.15	6.46	6.06	6.49	6.79	6.47	7.77	7.03	6.83	7.03	6.43	6.4	5.28	6.26	7.36	6.18	7.03	6.59	7.16	6.75	7.02	6.3	6.36	7.03	6.65	7.35	7.29	7.48	6.73	6.6	6.67	5.88	6.99	5.96	6.04	6.71	6.73	6.81	7.25	7.03	7.84	6.84	6.46	5.82	6.79	4.99	6.55	6.95	5.59	6.13	6.19	5.83	6.55	6.59	6.6	7.56	7.18	6.41	5.37	8.37	5.27	5.87	5.98	5.98	6.55	5.5	6.1	6.39	7.26	7.97	5.26	6.48	6.16	6.28	6.33	6.92	6	5.98	6.71	6.6	6.64	6.3	6.1	5.3	6.74	6.24	6.01	5.55
1500_at	7.24	6.73	8.94	4.49	6.75	9.17	7.12	8.1	6.91	7.01	8.25	7.79	7.82	7.38	8.66	8.96	6.28	8.56	7.55	7.5	5.85	6.66	6.79	7.79	8.39	6.87	6.37	6.59	7.31	6.23	4.73	4.91	4.92	4.76	4.44	5.1	5.73	5.26	4.8	4.15	5.07	5.32	5.13	3.81	5.28	4.24	1	4.15	3.22	3.96	3.68	4.9	2.98	3.78	3.94	4.45	3.96	3.81	5.39	3.88	4.22	5	1.93	3.23	4.57	5.2	4.17	4.59	4.68	4.79	5.13	4.66	4.53	4.48	3.9	4.63	5.06	5.03	5.28	4.67	4.47	4.28	4.48	5.18	4.22	4.26	5.37	4.54	4.55	4.15	4.18	4.94	4.45	4.61	4.35	4.33	3.69	5.26	4.04	4.29	4.79	4.11	4.2	5.13	4.45	4.71	5.06	4.86	4.24	3.42	3.05	4.14	3.77	4.85	4.21	3.35	3.32	5.92	1.43	4.34	4.79	5.66	5.14	3	5.02	4.15	4.5	4.19	4.04	4.26	4.64	4.55	3.99	5.49	4.86	4.91	4.81	4.61	1	5.15	5.45	4.26	4.3	5.16	4.69	5.03	4.22	5.18	4.86	5.35	4.45	3.45	4.4	4.76	3.72	3.97	3.78	3.95	5.02	4.78	4.22	2.41	5.46	4.28	4.13	0.49	3.46	4.04	4.86	5.77	4.45	4.45	4.94	3.7	5.11	3.35	4.95	5.64	3.09	6.37	3.94
34320_at	10.31	11.14	9.77	10.62	10.61	10.71	10.27	10.59	10.85	10.94	9.38	10.96	11.4	11.76	11.08	11.13	11.14	11.13	11.51	11.09	12.1	11.45	11.71	11.38	11.39	11.21	11.22	12.34	12.51	12.39	11.35	9.27	8.39	9.46	9.43	9.05	8.87	8.13	9.98	8.93	9.03	10.29	9.5	8.56	9.41	9.05	7.9	8.44	9.75	9.44	8.63	8.33	8.14	8.04	8.93	8.49	7.96	8.04	8.86	8.1	8	9.82	8.19	8.95	8.62	8.09	8.1	9.36	9.1	9.37	8.44	9.2	8.56	9.16	8.67	7.75	8.04	10.08	7.36	9.01	8.49	7.9	8.87	9.66	8.94	8.9	8.86	9.79	9.09	8.92	9.07	8.73	7.55	9.06	8.94	8.47	8.94	8.95	9.05	10.08	9.56	9.14	9.71	9.03	9.07	7.81	8.93	10.08	7.97	7.95	7.69	7.72	7.89	8.67	8.62	8.29	8.43	10.76	8.82	9.05	9.21	9.95	9.85	9.21	9.54	9.4	7.85	8.94	7.73	7.76	9.41	9.6	9.41	9.82	8.58	9.14	8.25	9.84	8.33	9.67	8.71	8.67	8.3	8.19	7.32	8.99	9.04	7.89	9.27	9.29	8.52	7.98	8.65	8.7	9.38	9.4	8.94	10.38	7.36	7.68	8.61	8.57	10.57	6.78	9.89	9.85	7.4	7.31	8.55	7.62	8.44	9.74	8.83	9.05	9.11	8.08	9.63	9.14	9.61	7.23	8.86
37716_at	9.89	8.31	9.65	5.95	9.55	9.25	9.22	10.14	9.34	9.02	8.85	9.28	9.43	8.47	9.99	9.99	8.96	10.16	9.33	9.17	8.93	8.7	7.71	8.87	10.13	9.71	8.22	7.03	6.67	6.98	9.3	5.68	6.68	6.48	6.06	4.37	7.09	5.4	6.76	7.11	6.53	6.34	5.95	3.23	5.38	5.73	4.7	5.94	5.14	5.23	5.35	3.26	4.73	5.22	6.38	4.93	4.35	4.99	6.6	5.45	5.66	5.68	5.94	1.32	5.52	5.72	4.83	6.26	6.54	5.1	3.57	3.07	5.04	5.78	4.78	4.84	5.36	6.17	4.27	6.58	5.3	4.04	1	5.64	5.29	5.94	5.64	6.11	2.81	5.55	5.31	6.36	5.49	6.76	5.36	6.21	5.68	4.74	5.18	7.52	5.74	6.25	5.79	6.11	5.65	4.45	6	6.84	3.19	5.07	4.56	5.3	6.88	4.65	5.16	5.21	6.28	7.46	6.16	6.86	4.83	6.92	6.31	5.8	5.28	5.81	5.92	5.19	6.21	6.19	5.82	6.94	7.18	6.52	6.4	5.14	5.97	6.35	6.79	7.22	6.21	5.15	6.31	6.54	5.27	6.39	5.52	5.88	6.48	6.83	4.54	5.76	3.8	5.38	4.83	4.76	5.71	6.09	4.38	5.34	5.63	5.61	6.99	3.19	5.78	6.22	5.09	6.24	4.86	5.48	6.42	7.54	6.36	6.24	5.91	5.21	6.33	6.45	5.53	6.26	5.41
38315_at	9.41	7.1	9.64	6.34	9.2	10.2	10.66	10	10	9.25	9.57	8.89	9.41	8.63	10.46	8.82	8.3	8.78	9.39	8.92	9.24	8.86	6.89	9.78	10.08	9.35	8.2	5.95	6.57	7.98	9.52	6.37	5.58	6.08	5.37	5.47	6.23	6.28	6.87	5.89	5.93	6.99	6.19	6.13	5.4	6.43	1	5.89	5.47	5.42	5.75	5.26	5.83	1.54	5.2	6.64	6.13	6.51	5.91	5.5	5.3	6.53	6.42	6.15	7.39	8.31	5.85	5.63	6.89	6.25	6.67	6.31	6.27	6.26	5.71	5.98	6.29	6.46	6.55	5.93	5.42	6.07	5.92	5.79	5.71	5.56	6.06	5.85	6.99	5.83	6.28	5.11	5.66	6.17	5.76	5.5	6.02	6.15	5.78	6.99	5.68	5.01	5.31	6.28	6.69	5.58	6.47	6.25	4.77	5.7	5.48	5	5.41	5.75	4.53	4.3	6.05	6.41	6.12	6.65	5.5	7.47	7.49	5.22	7.38	6.97	6.61	6.48	6.49	5.72	5.78	7.02	6.65	6.41	6.12	5.55	7.82	6.83	5.77	6.14	5.82	5.82	6.4	6.57	6.28	6.1	4.54	6.04	5.84	5.77	6.01	6.36	6.17	5.75	6.09	6.14	5.97	5.85	5.54	5.9	5.23	7.22	4.69	4.93	5.3	5.89	6.99	5.48	5.44	5.96	6.69	4.86	6.22	5.94	6.41	5.91	6.05	6.46	5.35	6.69	6.38
37954_at	9.38	9.61	11.11	9.7	9.82	12.28	11.46	11.49	10.87	10.52	9.82	11.57	11.64	10.28	12.34	9.98	9.66	11.2	12.64	10.78	12.08	13.11	7.08	11.6	11.54	12.73	6.6	10.97	11.85	10	11.37	1	2.91	5.13	4.95	4.5	4.15	4.24	1	3.6	5.22	1	4.58	1	6.04	1	1	1	1.89	1	4.45	0.68	4.34	4.57	4	3.86	1	4.59	4.52	3.8	4.71	1	1	7.64	2.87	4.92	1	4.74	4.05	1	5.46	1	5.78	3.51	4.1	3.89	5.19	6.87	1	1	3.84	4.58	1	9.8	6.5	1	2.96	5.04	4.85	1	4.61	1.68	1	5.03	5.34	4.95	5.62	5.7	4.98	4.84	5.6	1	4.98	4.18	1	1	1	1	3.75	4.1	4.44	2.87	5.65	9.05	4.08	3.62	6.34	4.59	1	1	4.66	4.43	4.86	8.25	0.26	6.64	1	3	4.35	1	6.22	6.5	1	1	5.15	2.68	3.97	4.38	1	2.23	1.85	2.29	1	1	1	1.07	5.59	1	8.97	9.05	3.62	1	1	1	5.58	4.54	5.92	6.94	1	7.49	1	1	6.43	5.34	7.39	7.82	5.89	1	3.98	1	1	3.26	1	3.62	6.98	1	4.48	3.86	4.77	5.04	6.09
33833_at	9.12	9.99	8.98	8.48	9.94	10.64	9.83	10.48	10.42	8.08	9.58	10.37	10.42	9.3	9.42	10	9.4	10.05	9.73	10.04	10.41	9.54	9.23	9.59	10.51	9.81	9.43	9.76	10.93	10.79	11.03	8.43	8.19	8.01	8.11	8.15	8.2	7.76	8.75	7.9	8.22	8.67	8.35	7.92	8.14	8.45	8.39	8.11	8.08	8.05	8.27	8.25	7.83	7.95	7.99	8.83	8.13	7.96	8.29	7.88	7.7	8.63	7.71	8.61	7.86	8.03	7.95	8.68	8.65	8.41	7.93	7.8	8.16	8.3	8.51	7.95	7.96	9.38	8.36	8.74	8.58	8.45	8.29	7.96	8.01	8.69	8.4	9.2	8.51	8.33	7.95	8.11	8.17	8.1	8.14	8.22	7.86	7.95	8.21	8.71	8.35	8.26	8.48	8.35	8.35	7.64	8.18	8.53	7.82	7.99	7.99	7.82	8.34	7.97	8.47	8.25	8.74	9.12	7.94	8.36	7.86	8.39	8.63	8.33	8.36	8.54	7.59	8.1	7.96	7.72	8.34	8.47	8.34	8.55	8.64	8.7	8.86	8.37	8.06	8.57	7.91	8.26	7.68	7.71	7.83	8.09	8.18	7.8	8.07	8	7.61	8.49	8.01	7.84	8.49	8.27	8.29	8.75	7.93	7.1	7.95	8.33	9.08	8.15	8.29	8.48	7.77	7.61	8.11	8.23	8.11	8.37	8.16	8.42	8.05	7.99	9.22	7.97	8.49	8.65	8.85
37157_at	11.2	9.64	11.18	9.78	11.48	11.9	11.45	11.46	11.42	10.45	11.3	11.13	11.86	10.35	12.69	11.4	10.7	12.24	11.74	11.91	9.97	10.3	6.5	9.03	12.48	11.87	7.25	7.09	8.65	9.7	9.89	6.76	5.87	6.2	5.42	6.2	7.05	6.85	6.59	6.11	6.3	6.77	6.06	6.67	6.52	6.62	7.56	6.13	5.97	5.6	6.25	5.34	5.83	5.92	5.15	6.62	5.62	7	6.63	6.04	5.4	7.19	6.51	6.68	7.07	7.32	6.24	6	7.16	6.6	6.75	6.19	6.59	6.7	6.22	6.59	6.27	7.53	6.6	6.04	6.41	5.94	6.44	7.46	6.29	7.32	7.16	5.85	7.18	6.77	6.66	6.72	6.88	7.97	6.8	6.09	7.5	6.8	7.04	7.09	6.41	6.52	6.22	6.57	6.28	6.24	5.72	6.54	5.46	5.9	6.11	6.79	5.33	5.62	5.2	6.37	6.72	7.87	7.06	6.05	5.49	6.91	6.71	6.2	6.49	6.8	6.55	6.15	7.5	6.51	7.31	6.5	6.21	6.87	6.58	6.54	5.46	6.77	6.13	6.64	6.55	5.59	6.8	7.3	7.77	7.67	7.65	6.68	5.76	5.84	6.43	7.19	6.04	5.76	6.57	6.51	6.38	5.87	5.63	7.78	6.39	6.39	4.73	5.13	5.35	6.28	5.25	6.18	5.25	5.9	6.73	6.47	7.04	6.56	7.53	6.65	6.59	6.85	6.33	7.36	7.26
32424_at	6.99	5.89	9.85	1	7.74	6.7	8.5	9.49	9.02	8.44	1	8.42	9.99	6.96	9.43	4.21	1	10.49	7.85	8.83	6.85	7.96	7.28	1	8.38	5.11	1	5.34	6.41	6.65	6.29	1	1	1	1	1	1	1	1	1	1	1	1	1	1	1	1	1	1	1	1	1	1	1	1	1	1	1	1	1	1	1	1	1	1	1	1	1	1	1	1	1	1	1	1	1	1	1	1	1	1	1	1	1	1	1	1	1	1	1	1	1	1	1	1	1	1	1	1	1	1	1	1	1	1	1	1	1	1	1	1	1	1	1	1	1	1	1	1	1	1	1	1	1	1	1	1	1	1	1	1	1	1	1	1	1	1	1	1	1	1	1	1	1	1	1	1	1	1	1	1	1	1	1	1	1	1	1	1	1	1	1	1	1	1	1	1	1	1	1	1	1	1	1	1	1	1	1	1	1	1
575_s_at	1.85	3.43	3.22	8.01	5.94	1	1	4.53	3.04	3.17	3.77	3.17	5.97	7.01	3.15	4.92	3.82	3.1	3.77	1	6.8	1	3.8	4.61	2.81	4.91	4.36	2.89	1	1	5.15	10.79	9.4	9.02	9.36	9.07	8.71	9.04	8.63	8.43	8.14	8.75	9.31	9.01	9.51	8.95	9.33	9.45	8.87	8.94	9.65	8.91	9.41	9.54	9.61	9.72	9.78	9.49	9.42	9.36	9.33	8.4	9.08	9.92	9.44	9.47	9.27	9.22	9.97	9.12	9.6	9.4	8.77	9.67	9.42	8.28	9.52	9.98	9.29	9	9.25	9.5	8.07	7.47	9.4	9.37	8.89	9.85	9.44	9.15	9.56	8.9	9.49	8.68	9.62	9.86	9.55	8.67	9.49	7	9.11	9.3	9	8.31	7.8	9.19	7.86	7.53	8.81	8.99	8.85	9.37	8.38	9.19	8.32	8.56	9.01	6.64	8.94	9.28	1.72	10.04	9.88	9.15	6.89	9.44	9.27	8.53	9.57	9.2	9.18	9.09	8.02	7.42	10.22	7.06	11.29	9.53	8.92	9.02	8.93	9.26	9.56	9.55	9.49	9.09	9.05	10.16	7.46	7.49	9.23	10.14	8.09	8.81	8.97	9.23	9.53	8.13	9.16	9.7	9.09	8.87	7.01	8.45	8.48	8.26	9.57	9.77	10.25	10.23	9.19	9.22	9.86	9.28	7.54	9.54	6.94	8.78	9.23	11	10.37
36105_at	1	6.35	1	1	1	1	1	1	1	1	1	1	3.45	1	1	1	1	0.49	4.88	1	4	1	0.26	1	1	1	4.18	4.53	1	1	1	10.98	8.37	10.26	10.91	10.98	11.54	11.92	11.22	10.88	8.82	8.07	7.36	10.54	9.6	11	13.22	11.05	9.15	9.77	9.62	11.75	11.46	11.87	10.7	9.6	10.73	8.88	9.23	10.46	10.97	10.56	10.91	1	11.75	11.79	10.65	11.77	10.63	11.77	11.84	10.49	12.02	10.61	10	10.94	3.61	10.81	8.89	9.67	9.98	10.33	9.21	5.18	8.6	9.87	11.07	10.8	10.72	10.77	10.06	11.08	10.6	8.87	11.45	10.93	11.71	11.83	11.28	8.72	11.22	11.09	10.86	11.46	10.89	11.86	6.43	10.75	10.25	8.79	8.87	8.66	10.05	11.66	7.53	8.17	5.28	10.25	11.26	10.3	1	10.79	10.32	11.57	9.8	11.6	11.5	10.76	7.88	8.02	10.48	11.24	9.72	10.15	10.29	8.32	10.34	10.23	11.06	10.93	10.7	10.96	11.6	10.62	10.94	8.28	8.6	8.86	8.7	8.55	11.68	9.61	3.15	8.64	11.08	10.25	10.5	9.84	12.43	11.49	10.97	5.62	10.83	11.32	4.19	4.57	10.29	8.43	11.26	10.9	11.05	8.36	10.53	11.14	9.55	8.88	5.79	10.53	9.43	9.79	9.97
33904_at	1.58	3.92	1	1	1.93	1	1.32	1	0.58	2.14	1	4.02	1	1	1	1	3.43	1	1	1	1	1	1	3.35	1	1	1	1	1	5.79	1	10.16	3.86	7.76	8.45	8.74	7.74	8.47	8.56	7.69	5.87	10.28	10.23	10.95	9.89	8.79	8.97	9.33	6.12	7.14	9.12	8.53	7.69	8.09	9.6	10.68	8.19	9.87	9.98	8.64	8.69	8.87	8.79	1	9.3	8.67	8.75	7.78	10.56	9.45	9.76	7.85	9.01	8.66	8.98	6.03	9.78	9.83	7.67	8.32	9.5	9.83	7.79	4.56	9.27	9.45	8.59	10.21	8.35	8.53	8.04	7.13	8.76	4.64	8.11	9.26	8.24	8.15	8.16	5.73	7.89	8.79	8.21	6.7	5.92	10.53	8.39	6.62	7.9	8.46	8.95	8.02	7.85	8.02	10.2	9.25	8.3	6.54	7.27	9.97	3.2	10.64	10.55	8.87	6.9	8.25	8.82	9.05	8.16	8.71	8.93	9.52	8.85	8.09	10.16	4.02	10.61	7.48	7.51	3.41	8.15	10.36	8.2	7.92	8.55	8.27	9.27	8.12	5.46	3.47	9.4	10.34	5.84	7.61	7.77	6.4	8.48	6.97	10.66	9.19	6.79	8.73	6.51	8.46	6.57	7.52	9.86	8.68	10.77	10.7	8.67	7.8	7.22	7.31	1	8.51	7.35	7.99	8.92	10.04	9.69
33245_at	2.93	1	1	5.82	5.08	1	4.21	5.03	4.22	2.41	3.93	5	5.58	1	1.63	3.19	2.85	1	1	1	3.15	1	1	3.57	3.41	1	1	3.52	1	1	1	6.88	6.89	6.14	6.43	7.8	6.29	6.87	6.12	6.32	6.08	8.47	8.28	5.92	6.88	6.04	6.19	8.18	6.87	7.01	6.85	7.17	7.56	7.25	7.64	6.57	7.27	6.15	5.49	6.11	6.13	5.91	6.16	1	5.61	2.87	6.56	6.58	6.93	5.95	6.45	6.2	5.43	6.72	8.56	5.84	6.66	6.83	5.81	7.76	7.51	6.92	6.75	6.12	7.19	7.44	7.44	7.5	5.59	7.97	6.37	7.15	6.57	5.9	7.89	6.99	7.45	7.6	8.11	4.82	7.06	6.3	7.12	5.79	6.83	7.65	6.9	6.25	7.2	6.08	5.82	5.48	7.15	7.28	6.45	5.73	6.84	5.64	7.13	7.09	5.95	6.75	6.97	8.49	5.98	6.06	5.96	5.79	7.58	7.53	6.79	4.92	5.64	5.86	7.77	5.29	7.44	5.83	6.44	4.93	6.19	7.44	6.23	6.51	5.77	7.08	7.67	7.71	6.75	6.3	7.25	6.78	5.95	7.5	6.26	6.39	7.36	6.24	7.5	5.66	8.2	7.02	4.26	6.05	7.1	6.62	6.77	6.29	7.95	8.16	6.68	7.74	6.38	6.45	5.79	8.42	5.79	6.21	7.02	7.74	6.79
38482_at	4.47	1	5.07	6.74	5.31	5.61	4.08	5.67	3.51	3.36	6.32	6.41	7.4	5.62	1.81	6.32	5.89	6.49	5	1	7.58	8.39	6.29	5.48	3.71	7.11	6.2	1	4.7	1	1	9.21	8.62	9.19	9.15	8.45	9.33	9.81	9.14	7.99	8.18	9.03	10.07	9.88	9.3	8.76	8.88	8.78	8.38	8.91	10.12	10.22	9.85	9.86	9.14	9.24	10.08	10.14	9.76	10.36	10.26	8.65	9.45	5.39	9.18	9.17	8.91	9.3	9.1	9.24	9.38	9.44	9.74	9.44	9.58	8.69	10.29	9.61	9.63	8.87	9.45	9.58	9.38	7.52	9.56	8.83	8.84	9.25	8.96	9.27	8.85	9.05	9.12	9.32	8.81	9.11	8.76	8.9	8.97	7.05	8.5	8.32	8.53	8.23	8.43	9.89	9.46	8.11	8.32	8.8	9.07	8.54	8.3	9	9.25	8.86	9.8	8.52	8.2	9.77	5.92	10.07	9.84	9.03	7.61	9.08	7.81	7.54	9.43	9.58	7.95	8.82	9.16	9.28	9.72	7.4	10.44	8.5	9.58	6.47	9.79	10.14	8.7	8.54	8.72	7.69	8.59	9.81	8.39	8.26	10.11	9.88	8	9.59	8.53	9.07	8.7	8.6	9.88	9.01	9.8	9.38	7.93	9.21	8.8	8.22	9.7	9.79	9.44	9.86	9.36	8.89	8.94	8.42	7.99	9.16	5.14	8.9	8.95	9.89	9.39
291_s_at	5.51	4.08	5.49	6.47	3.68	3.9	3.23	5.68	3.88	4.63	3.83	5.32	1	7.1	4.35	3.92	4.19	4.48	7.96	5.94	3.94	7.7	5.62	4.03	3.61	7.77	8.14	5.14	7.02	2.83	6.08	7.3	9.07	9.77	9.94	9.13	9.31	9.41	8.57	9.03	8.72	9.82	9.87	8.23	8.55	7.37	7.96	10.43	8.05	8.44	10.84	9.11	9.21	9.28	9.4	9.43	9.1	10.35	10.14	8.87	9.21	10.1	9.03	11.2	9.19	8.72	8.76	9.61	7.69	9.33	9.55	9.35	9.19	9.82	9.83	8.53	8.45	8.1	8.42	9.07	10.14	10.25	10.15	9.88	9.66	10.12	9.31	7.55	9.81	9.48	8.52	8.85	8.58	9.22	8.43	9.81	8.44	8.04	8.53	7.46	9.9	10.69	10.01	9.21	9.52	10.04	8.12	8.05	9.27	6.83	6.53	7.02	9.09	10.09	10.02	10.14	9.52	8.92	9.33	7.31	2.85	9.9	10.42	10.74	7.67	10.43	9.89	9.7	7.02	6.96	9.93	10.1	8.75	8.52	7.97	6.01	7.9	8.52	8.55	9.24	8.97	8.87	9.52	8	8	9.63	9.65	10.21	9.85	9.79	9.92	7.63	7.46	8.88	9.83	9.77	9.73	9.49	9.95	10.23	8.85	8.35	8.03	10.94	8.65	8.54	8.82	9.53	7.29	7.56	8.63	9.26	8.35	9.29	9.23	8.89	6.94	8.13	9.9	8.49	8.03
2089_s_at	3.88	1	3.71	3.23	5.29	7.28	1	6.27	0.49	1	6.62	1	1	2.79	5	1	1	1	1	5	5.46	1	1	1	1	3.26	1	5.03	1	4.97	2	9.09	7.86	7.3	6.83	7.35	7.16	7.25	7.08	6.03	5.94	6.2	6.81	7.04	7.8	7.73	8.27	7.66	6.31	6.59	7.36	7.59	8.21	8.21	7.98	8.2	8.22	8	7.99	9.04	8.87	7.75	7.9	7.44	6.72	6.86	8.25	7.52	8.09	8.82	8.62	4.98	7.67	7.53	8.16	7.44	8.9	8.72	7.91	7.18	7.27	7.26	7.84	6.3	6.55	7.1	7.85	7.9	7.48	7.63	8.56	8.24	7.46	7.23	7.55	8.06	7.64	6.34	8.04	5.11	6.67	7.12	6.77	5.73	6.31	8.6	5.55	6.6	6.64	5.79	6.12	6.61	4.58	6.48	7.69	8.23	6.11	1	5.64	7.51	3.09	7.25	8.27	7.06	5.72	6.67	8.58	8.3	8.23	7.58	7.09	6.17	7.05	6.69	8.34	6.36	8.61	4.96	8.28	5.77	8.02	8.07	8.02	7.54	7.43	7.85	8.01	4.02	6.81	6.75	7.39	8.09	5.8	8.3	6.21	8.55	7.65	6.61	8.59	6.49	7.91	6.6	1.89	7.69	7.75	8.35	6.36	7.98	8.3	8.35	7.8	7.81	7.51	7.77	6.42	6.86	4.76	6.62	6.58	9.36	8.4
35276_at	1	1	1	6.59	1	1	1	1	1	1	1	1	1	1	1	1	1	1	1	1	1	1	1	1	1	1	1	1	1	1	1	10.35	1	9.3	9.6	9.07	1	6.32	8.27	8.2	8.55	10.67	10.55	10.34	9.32	8.63	1	9.98	7.23	8.24	10.55	9.24	8.3	8.67	9.19	9.96	8.4	10.08	9.79	9.08	9.01	9.3	8.43	1	10.33	10.01	9.47	8.23	10.92	9.48	9.72	8.28	9.03	10.26	9.07	6.71	10.4	10.07	7.61	8.87	9.64	10.04	8.57	8.45	8.52	9.97	8.9	10.77	10.19	8.77	6.89	8.51	9.1	1	8.85	10.09	8.38	8.61	8.69	1	9.07	9.99	9.13	6.62	7.38	9.83	7.85	8.25	9.09	8.35	8.62	7.34	5.97	9.37	9.66	9.05	9.39	1	9.12	10.66	1	10.67	10.98	9.58	8.53	9.68	9.1	9.51	1	1	9.13	9.29	8.14	1	9.68	5.8	10.59	7.5	8	8.05	7.74	10.27	8.74	9.19	9.99	9.24	9.8	8.03	6.56	7.22	9.24	9.99	4.86	9.39	9.27	8.78	9.4	7.65	9.88	9.13	9.37	8.22	6.08	10.35	8.81	9.48	9.77	9.51	11.05	10.4	7.1	10.01	1	7.73	1	8.07	8.91	7.61	10.26	10.98	9.89
1585_at	6	3.04	5.56	4.82	3.86	8.61	3.8	6.81	5.3	4.67	6.26	6.14	4.34	4.29	5.94	4.68	0.85	5.18	4.57	0.49	2.98	1	1	2.91	3.64	4.99	4.99	4.68	6.84	4.74	4.51	9.71	7.97	8.07	8.59	7.87	8.2	8.34	7.85	7.2	7.63	7.73	7.61	8.82	8.4	8.21	8.93	8.72	7.14	7.47	7.43	8.65	8.91	8.72	8.83	8.88	8.59	9.12	8.23	8.83	9.86	8.57	8.66	7.31	7.41	7.8	8.86	7.93	8.68	8.98	9.31	7.44	8.87	8.48	8.96	8.19	9.27	9.26	8.61	7.96	8.01	8.06	8.65	5.55	7.43	8.5	8.52	9.13	8.97	8.55	9.21	9.09	8.02	7.84	8.3	8.72	8.13	7.96	8.49	5.21	7.42	8.33	7.4	6.86	7.03	9.16	6.11	7.92	7.64	6.41	6.64	6.73	6.73	7.76	8.91	9.38	8.62	5.24	6.89	8.42	2.49	8.39	8.63	7.89	6.89	7.93	9.47	8.3	8.81	8.75	7.15	7.41	8.7	7.56	9.05	7.39	9.1	8.08	9.07	7.64	8.97	8.63	9.02	8.88	8.58	9.15	8.69	7.27	7.28	7.17	8.74	8.63	8.08	8.45	6.49	9.13	8.42	6.9	9.82	7.92	8.91	7.68	6.8	8.33	9.41	10.27	8.28	8.18	8.68	9.46	8.95	8.24	8.39	8.66	7.11	7.4	4.82	7.25	8.21	10.12	9.01
1662_r_at	6.24	1	5.11	1	6.53	5.28	7.43	7.09	6.01	1	7.76	5.78	1	7.46	1	1	3.47	1	1	6.9	1	1	1	1	1	6.64	1	1	1.85	5.14	1	8.33	4.46	7.78	7.93	8.67	8.21	8.43	7.38	5.75	8.91	9.06	8.48	10.16	10.12	9.13	9.12	9.29	7.12	7.96	6.92	10.59	10.48	9.85	8.55	9.27	10.67	9.82	9.24	9.99	9.41	5.9	8.92	7.46	7.15	8.3	10.23	8.55	8.35	8.11	9.15	8.21	9.5	8.51	7.87	9.02	9	7.8	10.02	8.54	8.87	7.92	10.61	7.95	7.73	8.06	9.92	6.83	9.8	9.19	8.86	10.57	8.84	8.13	8.95	9.45	8.89	8.85	8.77	7.9	8.84	7.63	9.1	6.2	6.62	9.62	8.45	7.92	9.34	8.35	8.43	8.84	6.64	5.81	7.95	8.83	7.26	6.55	6.41	8.48	6.12	7.84	8.16	6.38	9.01	6.83	7.85	6.49	8.31	8.45	7.98	8.13	7.97	7.93	8.2	10.15	7.83	8.18	9.73	8.18	9.24	11.15	9.9	9.39	9.01	8.02	7.07	6.8	9.37	9.23	7.12	8.49	4.1	9.76	8.09	10.4	9.81	10.1	9.36	4.8	9.86	7.54	6.69	7.32	7.04	7.71	2.87	7.58	6.82	8.21	10.41	8.72	9.5	10.06	9.12	9.48	7.24	9.92	10.06	9.03	9.58
38827_at	1	5.18	1	2.38	1	2.49	1	1	5.75	1	1	1	1.49	1	2.93	1	2.51	1.26	5.67	1	1	1	1	2.83	1	5.08	1	1	1	1	5.85	8.3	7.89	9.12	10.32	9.3	10.15	10.98	9.28	8.66	8.22	4.66	5.19	5.07	4.43	9.21	8.68	8.61	6.07	6.91	6.14	9.26	8.59	8.41	8.96	4.6	9.95	8.19	7.4	9.29	9.34	7.05	10.59	1	8.81	9.7	8.84	8.95	8.85	7.37	6.82	6.39	9.7	9.04	6.7	8.02	8.06	6.17	9.43	6.31	8.52	9.3	5.78	4.97	7.61	4.84	8.26	7.46	8.29	8.53	8.6	9.23	9.74	8.34	10.31	8.24	10.6	10.16	10.2	5.74	6.43	7.95	6.4	7.95	7.59	9.2	4.55	7.49	8.51	5.35	6.3	5.48	6.41	9.36	8.09	7.89	8.55	1	7.21	6.4	1	10.27	10.18	7.72	7.4	9.89	7.86	7.9	9.15	9.25	8.11	9.44	4.07	4.63	9.36	6.27	9.94	8.06	9.68	8.62	9.88	8.98	9.97	9.04	9.38	6.58	7.55	6.4	7.64	7.5	9.31	9.26	1.68	4.83	10.1	5.7	5.9	6	9.31	9.58	10.28	6.88	7.97	9.32	10.35	9.62	6.35	4.64	6.46	8.06	10.21	4.22	7.97	8.16	6.66	6.08	3.82	9.32	6.24	7.12	7.28
266_s_at	5.63	5.31	1	9.63	3.07	1.49	1	3.14	3.43	1	1.93	3.19	1	5.39	3.05	5.69	4.46	3.69	1	1	6.02	1	3.9	1	2.72	1.89	4.46	5.51	5.51	6.57	5.03	9.99	7.97	9.2	9.31	5.51	7.03	6.38	8.61	9.2	8.52	7.36	7.8	8.01	6.67	9.77	9.69	8.65	6.49	6.65	8.69	6.03	7.04	6.4	8.62	8.29	7.71	8.91	8.39	9.04	9.57	9.11	8.81	1.43	10.31	9	7.32	8.75	9.81	8.7	8.76	9.43	8.66	6.08	8.83	8.06	8.4	9.82	9.35	6.7	8.29	8.66	7.87	8.64	8.98	7.7	8.34	9.89	9.26	9	7.86	8.34	8.56	6.17	6.47	7.17	6.22	6.14	6.13	7.35	9.61	9.8	9.45	8.15	7.88	9.44	10.79	8.74	7.88	5.14	6.17	5.29	7.76	9.77	8.39	8.37	6.66	5.64	9.77	9.58	6.62	5.53	6.18	9.8	6.51	9.88	8.56	7.86	9.81	10.09	7.13	9.69	8.65	8.37	10.26	4.58	9.69	8.21	8.33	9.2	8.33	5.3	9.45	9.94	9.91	9.68	9.85	8.01	7.65	8	10.21	9.54	9.43	9.05	8.7	9.78	7.56	7.28	9.72	9.55	6.82	9.49	8.54	8.71	8.68	9.11	5.22	6.26	11.33	11.01	9.06	6.48	9.78	8.71	7.69	6.32	10.17	8.11	8.26	10.45	10.13
33754_at	4.78	4.6	5.29	5.03	4.93	2.17	4.59	4.43	5.13	3.96	5.53	4.46	5.62	6.4	5.71	5.57	5.31	5.22	5.04	6.57	5.8	5.99	5.43	5.34	5.04	5.74	6.47	5.83	6.27	5.49	6.34	4.99	9.17	9.61	9.72	9.83	9.34	9.13	9.96	7.07	10.06	10.85	10.64	10.94	10.39	10.47	10.47	10.67	10.13	10.36	10.88	11.44	11.36	11.41	10.66	11.04	10.87	10.74	10.57	10.89	10.73	11	10.8	5.39	9.28	9.94	11.39	9.83	8.75	10.95	11.16	11.04	10.32	10.19	10.21	11.36	7.3	6.05	10.43	10.05	10.78	10.85	11.13	8.5	9.06	10.32	11.25	6.95	11.43	10.4	10.06	10.49	10.19	7.83	10.18	10.97	10.31	9.9	10.36	8.22	10.44	10.26	10.43	9.81	10.1	10.37	7.12	10.24	10.82	10.67	10.61	10.73	8.46	8.73	8.93	9.37	6.31	8.1	9.57	6.91	4.75	6.46	4.74	9.94	9.77	9.87	9.86	10.2	7.42	6.85	9.83	8.56	10.82	10.33	8.23	11.21	6.85	10.13	11.04	9.85	9.42	11.38	10.54	10.1	9.77	7.19	5.86	9.92	9.77	9.85	11.32	10.38	5.47	11.73	10.25	11.24	11.28	10.15	10.3	6.18	10.98	10.43	8.45	8.02	6.22	7.38	12.48	11.13	6.92	6.78	10.41	10.53	10.48	10.53	8.88	12.12	9.85	10.32	9.85	5.77	8.8
40445_at	5.04	4.18	5.11	4.47	4.58	2.26	5.17	4.84	5.04	3.45	4.6	4.67	6.3	1	5.38	6.76	5.46	5.54	5.28	1	1	3.34	3.97	4.47	5.71	4.51	6.52	5.41	1	5.84	1	8.82	6.86	7.92	7.88	6.47	6.9	7.2	8.27	6.51	5.84	8.14	7.04	7.79	7.39	8.58	8.92	8.3	5.8	5.68	8.6	7.15	6.04	6.01	7.37	7.86	5.29	7.95	7.39	7.57	7.83	8.07	8.1	5.5	6.99	6.82	7.84	7.21	8.74	7.66	7.59	7.62	8.14	8.05	6.52	7.73	8.46	7.98	6.98	7.38	7.42	6.88	8.18	5.65	6.17	7.55	8.01	8.38	8.23	7.48	7.44	7.62	7.47	6.6	6.33	8.17	6.34	5.87	6.47	5.38	7.04	8.19	6.83	5.59	5.82	8.23	7.36	7.33	6.91	6.57	5.85	6.4	6.12	7.13	8.12	7.85	6.52	5.09	7.24	7.45	5.69	8.36	8.64	7.29	6.27	5.35	7.81	8.28	6.63	6.24	6.6	8.55	9.31	8.8	8.25	6.86	8.32	7.73	6.39	6.84	6.19	8.92	7.85	8.64	9.32	7.24	7.15	6.92	6.45	6.56	6.38	8.02	5.81	7.96	7.19	7.34	7.4	6.98	8.1	8.26	7.28	6.86	6.92	8.56	8.31	8.28	8.24	7.79	9.01	8.15	7.89	6.09	7.15	7.58	6.64	6.67	5.99	7.52	6.73	9.08	8.49
39756_g_at	7.59	8.51	8.63	7.93	8.03	8.61	9.03	8.02	8.63	8.05	8.4	7.79	6.5	7.19	8.53	7.31	7.78	8.14	7.46	7.31	7.92	7.73	8.72	7.91	8.24	7.76	7.82	7.73	7	8.93	6.52	9.76	10.78	10.54	10.8	9.98	10.99	11.04	9.41	10.89	10.98	8.15	8.87	9.05	9.63	10.65	10.74	10.56	8.85	9	9.24	8.71	9.63	9.37	10.98	9.51	9.73	9.43	9.84	9.84	10.19	9.89	10.73	9.08	9.17	9.29	9.95	9.86	9.61	10.22	9.76	9.4	10.57	9.51	8.58	10.29	8.3	7.91	9.88	9.38	9.83	9.8	10.54	10.3	8.33	9.64	9.38	9.34	10.3	9.74	10.22	10.59	11.08	10.4	10.28	9.86	10.34	9.69	10.2	10.87	9.52	9.63	9.56	8.72	8.78	9.93	8.56	9.87	9.6	9.33	9.52	9.48	10.91	9.39	10.47	10.64	10.01	11.36	9.83	9.13	8.33	10.01	9.84	9.53	9.15	9.45	10.12	9.43	10.68	10.85	9.79	10.64	9.77	9.42	9.31	9.67	8.88	9.77	9.81	9.09	10.03	9.99	10.55	10.68	10.58	9.34	8.45	10.38	10.51	10.61	9.89	10.26	8.8	9	9.51	9.84	9.73	9.69	10.32	9.74	9.75	10.81	9.58	9.66	10.27	10.1	9.24	9.84	9.57	9.19	10.3	9.72	10.65	10.01	10.73	11.03	8.34	10.82	9.86	8.6	9.44
37117_at	3.98	1.72	4.87	3.73	3.5	1	3.49	4.34	1	1	5.05	1	4.83	5.06	4.12	1	3.46	1	1	6.11	5.33	1	1	1	1	1	1	1	1	5.49	3.63	7.39	3.31	6.35	6.45	5.25	6.6	6.78	7.43	4.58	5.62	8.16	7.14	6.02	6.01	6.99	5.1	7.63	3.94	3.75	7.46	1.72	1	5.29	6.13	5.85	5.8	6.6	6.9	7.06	7.05	8.86	7.15	6.3	6.24	6.75	8	6.73	6.59	6.72	7.19	7.54	6.56	6.84	5.56	6.2	4.96	7.72	6.64	5.43	6.14	5.1	6.15	6.32	6.05	7.41	7.91	7.26	8.8	7.76	6.98	6.46	5.76	6.25	6.58	6.92	6.58	5.3	6.2	2.89	7.12	7.52	7.07	6.36	4.69	6.99	7.14	6.62	6.21	5.38	5.31	4.32	5.66	6.54	6.65	6.2	6.44	1	6.69	6.41	3.28	6.68	7.04	6.11	3.2	6.71	6.97	7.53	5.97	5.71	6.75	5.78	5.98	5.75	7.49	5.23	6.62	6.14	6.81	6.19	6.57	7.28	7.99	6.55	5.4	6.18	6.59	6.52	6.45	5.71	8.23	6.72	6.38	8.35	6.7	7.05	6.61	6.1	6.9	7.95	6.26	7.3	4.94	6.8	8.05	8.29	7.22	6.35	7.1	6.84	6.91	7.25	6.18	7.43	5.16	5.56	4.16	6.77	5.46	5.8	7.43
32046_at	5.9	6.22	5.42	7.14	6.12	5.89	6.1	5.28	6.02	5.72	4.96	6.49	4.34	6.31	4.8	6.68	5.4	4.95	6.45	6.61	3.05	5.68	6.42	5.91	6.19	6.85	6.4	5.81	6.72	6.47	6.44	7.45	6.86	7.38	7.12	7.64	6.31	6.04	7.3	6.82	7.19	8.35	8.29	7.81	7.56	7.5	7.72	7.66	7.63	7.91	7.91	8.02	7.71	7.4	7.53	7.17	7.74	7.05	6.62	8.03	7.66	7.27	7.81	6.81	7.17	7.08	7.53	6.83	7.57	7.6	8.06	7.48	7.24	7.51	8.04	8.33	7.88	7.05	6.69	7.59	7.47	7.15	7.63	7.01	6.77	7.77	7.94	7.02	7.9	7.65	7.14	6.91	7.31	7.43	6.38	7.55	6.65	7.09	6.92	7.26	7.3	7.16	6.97	7.59	7.55	7.81	7.15	6.63	7.83	6.8	6.96	7.14	7.38	6.42	7.53	7.78	7.05	7.73	7.13	6.68	6.83	7.71	7.67	6.75	6.72	7.17	8.14	8.6	7.04	7.31	7.1	7.46	6.88	7.21	6.9	7.54	7.64	7.55	7.16	6.87	7.27	7.79	7.19	7.27	7.38	6.58	6.42	7.62	7.32	7.38	7.58	7.67	6.92	7.86	7.14	7.43	7.76	7.53	7.82	6.97	7.35	6.69	6.35	7.24	7.34	7.59	8.17	7.76	7.41	7.32	7.09	7.6	7	7.68	7.28	7.41	6.35	7.05	7.37	7.02	7.58
39631_at	6.89	5.78	6.6	6.92	5.87	5.46	4.13	4.94	6.04	5.31	5.9	5.48	6.76	7.08	5.86	5.76	6.41	5.4	6.56	5.84	7.19	6.35	6.61	6.13	5.78	7.34	5.9	5.78	7.96	6.75	6.11	7.42	8.29	7.7	8.46	7.17	7.28	7.53	7.92	6.04	7.76	7.1	7.44	9.1	9.37	9.23	6.08	9.38	7.63	7.75	8.97	9.16	8.53	8.01	8.24	9.01	9.28	8.85	8.55	8.31	7.86	8.93	7.87	7.77	7.94	8.93	8.99	7.95	7.89	8.64	8.98	7.25	8.54	8.07	7.78	8.61	7.14	7.25	7.75	8.23	9.4	8.88	8.36	7.38	7.47	8.43	8.55	7.8	8.39	7.81	8.18	8.3	8.51	7.22	7.76	9.19	7.72	8.2	7.74	7	8.65	8.56	9.03	8.13	8.35	9.44	8.45	7.7	9.09	9.32	9.02	9.21	7.13	8.14	9.63	9.22	7.18	5.5	7.89	7.51	7.19	7.77	7.75	8.65	8.46	7.33	6.46	6.99	8.22	7.76	7.64	8.2	8.05	6.77	7.88	8.67	7.07	9.06	8.48	8.48	8.11	8.91	8.54	8.02	7.67	7.55	7.56	8.29	8.56	8.57	9.24	8.75	7.83	9.3	8.48	9.14	8.71	10.53	9.29	8.6	8.04	7.8	7.65	7.79	9.01	8.5	7.3	7.71	7.8	7.75	7.28	7.73	8.61	9.2	7.85	8.59	8.2	7.54	8.92	7.54	8.59
33383_f_at	1.49	5.19	2	0.77	2.68	3.7	1	4.03	5.14	1	3.2	1.32	5.06	8.55	1	1	1	1	7.36	2.54	7.68	1	1	1	1	1	1	1	5.37	1	5.68	1	8.64	9.01	10.18	11.51	10.51	10.23	1	9.49	11.87	10.37	10.42	11.17	11.69	11	10.66	11.57	8.17	10.51	8.74	12.59	11.89	12.12	11.65	12.04	12.14	10.48	10.74	11.65	11.67	9.83	11.25	1	9.28	10.16	12.29	11.04	10.41	10.41	10.7	10.64	12.19	10.38	10.58	11.23	9.74	2.7	12.68	11.54	10.53	8.58	12.59	10.67	8.08	9.42	12.24	9.3	11.95	11.25	11.18	11.88	10.84	10.43	11.18	11.42	10.99	11.03	10.96	10.15	11.33	8.71	11.24	7.92	8.07	11.83	8.46	10.6	11.93	10.94	10.83	11.11	10.33	6.39	11.22	11.28	8.08	5.38	7.8	8.99	0.77	5.02	1	7.14	11.13	7.8	7.71	8.28	10.04	8.82	9.3	9.49	10.98	10.16	9.84	12.29	8.64	11.61	12.26	11.07	11.17	11.91	11.69	10.95	10.49	9.93	2.91	4.66	12.3	12.31	9.87	9.41	1	12.46	10.19	11.63	11.36	11.78	11.95	5	12.2	8.66	10.47	1	2.2	5.4	8.44	9.81	3.93	8.86	11.65	10.77	11.61	11.61	11.23	11.38	4.89	11.46	11.45	4.67	10.98
41868_at	2.79	3.57	1	1.96	1.68	4.25	3.91	1	3.35	4.3	1	1	1	1	1	1	2.68	2.29	1	1	1	1	5.21	1	3.93	1	4.89	1	5.19	5.16	1	6.59	4.93	6.11	6.42	5.8	2.72	3.87	6.76	7.94	5.85	7.73	7.23	6.66	6.87	5.73	6.04	6.41	5.03	5.49	8.67	5.52	6.9	3.87	5.57	6	5.21	6.44	6.79	7.38	7.22	7.13	5.47	5.24	6.32	5.44	7.65	6.51	5.96	4.87	4.52	8.26	5.21	6.56	5.64	6.37	8.21	4.95	5.96	5.82	6.77	6.36	6.64	5.51	4.98	6.09	6.79	5.12	8.84	6.59	4.94	6.17	4.56	5.65	5.22	6.89	5.49	4.94	5.74	5.19	5.87	6.12	6.19	6.68	5.41	6.06	5.63	7.07	6.76	6.61	5.84	5.53	3.29	7.26	6.91	5.79	4.8	5.73	6.94	1.38	7.19	2.83	4.69	5.42	6.99	4.93	1	5.31	5	5.3	6.39	5.08	6.34	2.49	5.23	7.3	6.07	6.09	5.3	5.42	6.3	6.42	7.43	3.62	1	4.98	4.57	5.79	6.03	5.93	7.95	5.73	1	7.6	6.22	6.47	6.35	7.1	6.08	5.39	4.96	5.51	4.53	5.59	5.34	6.24	6.48	6.39	4.87	3.5	5.65	5.85	4.72	5.88	3.91	4.94	5.85	5.02	6.89	6.43	5.59
32787_at	4.38	2.35	5.09	2.98	1	7.9	1	3.49	3.98	1	3.67	4.95	4.49	5.24	4.88	4.55	2.51	4.49	5.97	4.01	3.99	3.14	1	1	2.81	4.01	5.08	1	4.97	3.1	5.15	9.13	7.74	7.31	7.9	7.02	6.98	6.45	6.07	5.48	7.15	5.83	6.81	7.43	7.51	7.54	8.15	7.95	6.14	6.33	7.25	7.99	8.35	8.28	8.39	8.14	7.98	7.69	7.73	9.03	9.58	7.41	8.36	6.55	6.2	6.41	8.23	7.62	7.59	8.61	8.73	6.43	7.45	7.24	8.07	7.28	9.09	8.49	7.53	7.28	7	6.85	7.4	2.98	6.53	6.98	7.66	8.08	7.39	7.3	8.76	7.9	6.89	7.2	7.44	8.08	6.97	7.03	7.62	1.43	5.89	6.62	6.47	6.29	5.23	8.99	4.74	7.23	6.54	5.53	5.72	5.56	5.67	7.65	8.43	8.5	7.55	4.91	6.43	8.04	3.32	7.75	8.13	7.39	5.99	5.87	8.52	8.2	8.05	7.89	6.39	6.21	7.62	6.95	8.33	6.52	9	7.41	8.74	6.74	8.27	8.35	8.18	7.15	7.36	8.46	8.3	5.85	6.78	6.66	8.22	8.18	7.24	8.84	2.77	8.32	7.22	5.27	9.4	7.22	8.23	6.82	5.39	7.68	9.08	9.64	7.52	7.47	8.28	8.58	7.71	7.33	6.82	8.17	5.52	5.68	1	5.99	6.73	9.62	8.48
33375_at	0.14	4.83	1	1	3.04	1	1.96	1	1	1	1	4.14	1	5.02	1	1	1	1	3.95	3.35	4.75	5.27	1	2.54	1	1	1	1	6.77	1	1	5.24	5.66	5.01	5.09	3.81	6.3	5.52	4.96	3.9	5.71	6.06	6.04	5.39	6.13	4.86	1	6.55	4.81	4.92	5.61	3.91	5.68	3.89	4.72	5.59	5.19	6.91	6.65	4.43	4.22	6.5	5.13	5.35	5.77	6	5.81	4.5	4.6	5.65	4.19	3.71	4.83	5.67	5.85	5.1	5.33	4.09	2	4.89	5.8	6.57	4.53	3.67	5	4.95	5.57	4.69	7	5.23	6.6	5.81	4.3	4.06	5.05	7.17	5.06	3.47	4.71	3.74	6.28	6.28	6.19	5.39	4.51	4.99	3.67	6.13	5.63	5.45	3.85	4.39	3.58	6.14	4.26	5.21	1	1	6.08	5.98	4.71	5.75	5.89	6.5	5.99	5.96	4.94	5.22	4.88	4.13	5.4	5.58	5.45	6.07	5.99	6.09	6.54	5.88	5.77	5.07	5.31	6.37	6.02	5.45	4.28	5.7	5.76	6.83	5.69	4.72	6.87	4.07	6.2	6.11	5.21	5.91	5.69	4.95	5.69	6.11	5.19	3.94	4.82	5.21	4.42	3.42	5.97	5.35	5.04	3.47	1	5.4	5.46	6.3	3.64	3.83	5.57	6.06	5.75	5.84	4.97
988_at	3.66	4.65	3.29	3.25	4.04	3.22	4.05	3.66	3.86	3.26	2.89	4.26	4.88	1	3.26	3.8	1.93	3	1	4.1	1	1	4.55	1	1	4.67	2.89	5.31	5.79	1	1	8.29	6.22	5.13	5.66	8	6.44	6.47	6.16	4.61	6.06	5.78	6.11	7.2	6.25	5.66	4.15	5.95	5.35	5.69	8.46	5.28	5.34	5.18	7.46	6.88	5.65	5.53	5.86	6.29	6.12	5.07	6.2	6.51	8.05	7.65	6.51	5.02	7.87	6.65	6.09	6.78	6.45	7.1	5.86	5.87	5.78	7.74	6.33	5.78	6.95	6.89	6.1	5.08	4.81	7.28	7.55	8.1	6.53	6.48	6.73	5.84	6.26	6.18	4.79	7.55	5.02	4.85	5.49	4.81	6.92	6.85	6.95	5.31	5.44	7.9	7.74	6.18	7.07	6.64	5.89	6.49	5.61	6.64	1	5.03	3.12	6.39	7.23	8.55	3.29	7.02	7.17	6.18	5.04	6.83	4.71	5.58	6.74	6.44	4.98	5.03	6.75	5.68	8.13	4.63	8.65	6.15	5.31	7.28	6.58	4.84	7	6.95	6.95	7.33	7.74	6.12	5.21	5.82	6.71	7.12	7.72	6.42	6.1	6.29	6.41	5.03	8.01	6.68	4.6	5.76	4.69	6.68	5.59	5.37	6.02	7.23	9.21	9.05	6.8	5.93	5.73	6.77	5.3	1	6.88	6.89	5.63	8.25	8.43
33331_at	4.94	1	1	10.37	2.87	4.83	9.34	5.86	8.71	5.07	1	8.17	1	3.55	1	1	5.79	7.15	9.15	1	7.69	1	6.5	1	1	6.87	1.2	1	1	5.71	1	7.16	8.56	9.32	9.83	9.64	6.25	7.24	8.82	7.7	9.32	7.62	8.21	10.04	9.95	9.42	9.74	9.17	7.99	8.13	7.72	11.13	10.54	11.06	8.94	8.83	9.09	7.93	8.19	8.8	9.15	9.23	9.68	7.71	9.72	9.7	10.64	9.88	8.84	9.76	10.03	9.43	9.76	8.74	8	10.23	8.36	6.92	9.73	8.71	8.65	8.19	10.81	7.51	6.73	8.91	9.99	7.98	10.2	9.22	8.26	10.08	9.5	7.5	8.91	9.28	8.81	8.94	9.15	7.21	10.37	9.73	10.57	8.78	8.92	10.66	6.84	8.93	10.72	8.51	8.71	8.59	8.58	8.96	9.49	9.37	5.07	5.86	8.03	6.9	7.68	1	6.39	8.63	8.61	9.26	9.49	9.51	4.15	6.57	7.61	7.38	8.54	6.96	8.39	9.23	9.58	8.64	10.35	9.08	7.01	10.33	9.55	6.89	7.54	7.05	7.77	8.81	9.53	9.44	10.74	8.14	6.11	11.19	10.59	10.23	9.22	8.46	10.52	5.85	8.98	9.04	8.05	9.19	5.97	4.22	8.38	6.13	6.87	6.74	9.34	9.38	8.62	10.58	7.81	9.75	9.4	9.53	9.15	8.14	8.61
33500_i_at	9.96	10.68	9.72	7.06	8.16	10.26	7.68	7.42	10.53	9.77	8.87	8.72	9.57	11.56	9.57	5.6	10.58	9.37	11.03	11.46	11.59	1	9.1	10.15	11.81	8.09	7.91	9.95	8.8	10.85	7.08	11.18	13.77	13.11	12.85	13.24	13.03	13.18	13.68	13.15	13.99	12.03	11.82	11.74	12.37	13.08	15.4	12.74	11.69	12.37	11.12	12.28	12.63	12.63	13.52	12	11.16	11.81	13.59	13.05	12.32	10.02	13.57	11	12.41	12.06	13.09	12.63	12.84	13.45	12.3	13.59	13.65	13.35	12.61	13.01	13.26	9.69	13.15	12.88	13.79	13.4	13.86	13.71	10.34	13.57	12.73	12.96	11.81	12.03	12.18	12.71	13.38	13.05	12.51	11.43	12.75	13.41	12.44	13.29	12.54	12.06	12.42	13.44	13.02	13.08	12.48	13.87	12.42	11.65	12.07	11.44	14.41	12.34	14.46	12.78	14.08	11.38	13.37	12.96	9.41	7.8	7.11	11.51	10.26	11.8	12.6	13.16	12.64	13.47	13.01	13.2	13.31	12.94	11.08	13.81	10.98	13.37	13.56	10.84	12.63	11.27	12.84	11.58	12.47	12.68	12.55	12.11	13.92	13.96	12.4	12.19	13.31	12.66	11.69	12.53	12.7	12.69	13.12	13.09	14.09	14	13.74	12.18	14.15	13.65	12.8	12.08	13.31	12.66	12.56	12.55	12.77	12.35	12.87	13.27	9.59	12.59	10.97	7.52	11.41
34800_at	5.46	5.73	1	4.83	4.82	5.3	3.29	1	4.22	6.21	4.21	3.6	1	1	1	1	5.37	1	1	1	6.79	1	6.38	1	1	2.1	6.65	5.27	1	1	1	7.01	5.51	6.85	6.67	4.85	5.87	3.34	6.02	4.94	7.25	3.15	3.2	7.3	7.71	7.31	7.74	6.49	6.1	5.82	5.14	5.58	6.38	6.36	6.54	7.24	7.46	5.62	6.14	5.92	7.63	7.48	7.53	3.87	6.4	7.63	8.01	6.4	6.41	6.01	4	6.89	5.06	5.57	5.32	7.43	3.35	4.67	5.12	6.39	5.89	4.3	7.29	5.71	5.58	5.19	6.57	5.44	6.59	6.74	6.96	7.04	6.87	4.97	5.12	7.7	5.27	4.66	4.47	6.6	6.81	6.57	6.97	5.51	5.51	7.27	6.26	6.67	6.64	6.89	6.57	7.15	4.59	5.57	5.62	5.85	6.63	6.02	4.55	6.13	4.62	6.95	6.61	5.99	8.06	6.39	6.3	6.16	6.97	6.63	5.35	7.77	6.78	6	6.49	7.85	5.82	7.58	5.17	6	6.38	6.86	8.07	7.67	7.46	6.11	5.63	5.22	7.23	6.91	6.86	7.02	5.67	7.12	7.13	8.05	6.74	6.98	6.89	7.76	6.07	6.95	7.61	6.26	4.34	4.54	7.11	5.3	6.99	6.4	5.93	6.19	7.02	7.87	6.69	4.76	5.14	7.35	6.41	6.21	6.49
36965_at	5.15	3.89	5.37	2.93	3.09	4.19	2.68	1	1	3.38	6.69	6.12	1	5.28	1	5.57	1	3.23	4.85	1	1	3.58	3.98	3.42	3.19	3.05	2.29	5.36	4.48	1	3.5	5.86	5.74	6.04	6.43	6.81	5.8	5.61	5.47	6.88	6.69	7.79	7.1	6.68	6.72	5.6	4.02	7.44	6.83	6.67	7.3	5.91	6.48	5.72	4.89	6.45	5.17	6.8	6.83	4.03	4.67	5.95	4.7	6.18	7.22	7.38	8.3	5.8	5.72	7.11	7.63	6.91	5.15	6.91	6.93	7.97	6.42	6.11	5.66	6.04	7.21	7.62	8.2	5.38	5.83	7.03	7.85	4.79	7.11	6.6	5.33	6.39	4.74	5.61	6.17	7.1	5.72	6.48	6.1	5.22	6.82	7.13	6.86	6.23	5.36	2.89	7.23	6.39	8.95	5.35	5.51	5.74	5.8	6.94	6.36	6.39	6.28	6.53	7.08	6.14	3.82	3.72	3.38	7.12	7.93	7.56	5.4	5.38	4.66	4.79	7.62	6.73	5.36	5.03	5.67	9.31	6.71	7.45	6.9	7.25	6.22	8.14	6.98	5.56	6.17	5.61	5.27	6.67	7.73	7.63	6.75	5.01	6.25	9.3	7.41	7.82	7.75	7.51	4.49	7.24	4.17	4.93	6.09	5.85	6.43	6.45	7.54	6.37	5.06	5.68	4.16	6.2	6.2	5.46	6.17	5.56	8.07	4.99	7.5	6.18	7.07
41286_at	4.57	5	4.46	4.47	3.96	3.87	3.81	4.55	3.94	3.29	3.93	3.1	3	1	5.21	4.38	5.23	4.53	4.51	3.42	1.26	4.89	5.36	4.83	4.77	1	5.39	1	6.37	1	2.07	6.02	5.38	6.64	6.87	6.17	6.72	6.71	5.55	5.02	5.46	6.05	6.46	5.82	5.54	5.52	1	7.02	5.26	6.39	6.86	5.88	6.33	5.58	6.05	6.37	5.98	7.4	5.82	5.8	6.33	7	5.39	7.13	5.93	6.57	5.71	6.4	6.02	6.64	6.77	6.5	6.49	6.53	6.23	5.57	5.43	4.91	6.61	6.17	6.76	7.17	6.82	6.73	5.75	6.89	6.2	4.53	7.04	6.4	5.54	6.26	5.16	6.29	5.34	6.47	5.09	5.36	5.3	5.36	6.8	7.37	6.51	6.31	6.39	6.47	6.35	4.63	6.27	4.52	5.64	5.81	6.13	6.86	6.92	6.77	6.72	6.35	6.25	5.55	4.66	6.63	6.74	7.27	5.41	7.3	7.03	6.05	5.91	4.5	6.88	5.94	6.46	6.41	5.38	4.96	4.72	6.21	5.36	6.39	5.09	6.23	6.67	5.55	5.35	6.78	6.25	6.99	6.58	6.89	6.48	5.97	5.19	5.82	6.42	7.03	6.44	6.22	6.15	6.46	5.39	5.39	5.5	7.11	6.36	6.1	6.41	6.28	5.23	5.37	5.34	6.13	5.31	6.46	6.64	5.39	5.58	5.65	6.42	5.88	4.89
1083_s_at	7.02	6.05	5.95	8.86	6.18	5.54	7.75	5.83	6.77	5.03	6.73	7.33	1	4.82	5.21	6.61	5.29	6.39	8.05	1	6.68	4.63	3.15	5.52	6.17	5.99	1	6.64	7.75	3.15	5.66	7.1	8.93	8.46	9.05	9.46	8.8	9.32	8.84	8.1	8.57	7.14	8.36	8.83	9.04	8.84	9.79	8.9	6.39	8.36	9.9	10.26	10.73	10.13	6.7	9.07	10.72	9.38	8.63	10.66	9.38	8.39	8.27	5.32	8.93	8.48	10.13	9.97	7.67	10.59	10.89	9.65	10.38	8.87	9.47	10.15	9.51	7.45	10.39	10.34	8.97	8.23	10.44	7.8	9.94	7.97	10.54	6.66	10.48	9.3	9.3	9.95	9.28	8.14	9.16	8.54	9.34	9.67	9.82	6.9	8.12	9.02	7.47	8.77	9.15	9.48	7.03	10.18	10.48	9.34	8.42	8.79	9.11	8.84	10.33	9.53	8.72	6.61	9.06	6.9	5.88	7.42	7.35	8.97	8.76	9.45	9.54	9.21	7.7	6.18	8.33	8.17	7.91	7.3	8.68	10.1	7.76	7.5	9.79	6.15	9.59	10.48	7.81	9.6	10.2	7.77	7.66	9.8	9.97	9.88	9.79	7.74	6.37	10.42	8.89	10.45	8.96	8.8	9.79	7.93	11.15	8.75	7.06	10.51	9	8.82	8.9	9.15	7.12	7.58	8.37	8.58	8.58	8.79	7.82	6.37	7.55	8.27	7.96	7.12	8.94
41772_at	4.79	5.49	4.47	2.91	3.93	4.64	2.79	1.72	3.28	4.78	5.57	4.49	5.97	2.72	2.89	4.66	3.26	1	6.09	6.03	5.07	1	4.75	7.07	2.79	5.41	1	4.39	6.1	1	3.12	6.38	7.64	8.2	8.95	7.16	7	6.35	5.68	5.88	7.39	5.47	5.7	7.03	7.61	7.23	6.63	7.29	4.84	5.69	6.52	9.92	10.43	10.45	7.73	9.09	9.74	8.71	8.26	7.82	8.44	8.31	8.04	5.86	6.98	7.62	8.65	8.32	7.52	6.16	6.67	7.14	8.64	6.13	7.37	8.53	6.83	5.39	9.46	7.81	7.25	7.08	8.61	6.54	8.3	5.88	7.69	5.4	8.31	6.94	9.08	8.53	8.8	6.17	8.78	6.73	8.87	8.06	8.81	5.93	7.47	7.18	7.46	6.74	6.99	7.57	5.11	5.76	9.11	8.37	8.35	8.99	6.27	5.13	8.73	8.91	5.57	5.13	5.05	5.65	4.51	7.18	6.48	6.5	7.5	7.25	6.55	5.93	5.71	5.48	6.5	6.16	7.86	7.74	7.68	8.48	6.82	8.02	10.35	6.72	7.81	9.99	9.02	8.12	7.55	6.03	5.84	7.24	7.58	7.7	7	4.62	2.96	7.74	7.76	8.45	8.07	7.64	7.62	7.15	7	6.14	5.74	7.15	4.26	5.7	6.14	6.6	6.07	6.65	9.76	5.61	7.85	8.38	7.26	7	6.52	8.18	7.72	8.85	7.28
823_at	3.94	5.97	3.64	5.07	4.23	5.52	2.46	4.46	4.1	4.59	4.75	3.7	4.45	1	5.07	4.86	5.03	5.26	6.62	1	1	6.49	7.35	4.94	4.92	2.54	5.33	4.71	4.49	4.12	1.49	6.24	6.44	5.91	5.99	8.26	6.26	4.45	6.35	8.26	6.6	8.01	8.14	8.08	7.53	6.79	6.81	8.32	7.35	6.98	8.46	5.22	5.5	5.15	6.87	6.55	6.24	7.9	7.59	6.46	7.12	6.71	6.45	6.43	8.12	7.93	7.02	6.06	7.26	7.81	7.29	7.07	6.77	7.33	8.13	7.18	6.1	6.24	5.39	6.75	8.39	8.3	8.45	7.72	6.38	8.61	7.99	6.76	6.91	7.93	5.97	6.58	5.77	6.21	5.69	8.45	6.26	6.49	5.64	6.87	7.26	8	7	6.99	7.49	5.95	7.82	6.26	7.66	7.17	6.98	7.09	6.53	7.19	5.14	5.42	6.05	7.32	8.05	7.12	5.18	5.65	5.88	6.7	6.32	7.23	5.59	5.59	6.89	6.66	6.82	7.19	5.98	5.27	6.65	5.75	5.79	7.79	6.34	6.69	6.51	6.93	6.32	6.43	6.46	6.36	5.64	7.7	7.06	6.83	7.25	6.53	5.98	7.35	8.98	6.81	8.03	8.66	5.84	8.43	5.18	6.45	7.07	4.29	6.58	6.23	7.36	5.14	5.36	6.06	6.96	8.43	7	6.74	7.12	8.07	6.33	6.64	7.02	6.6	6.21
39698_at	4.44	5.81	5.12	6.58	4.55	4.54	6.6	5.31	4.06	3.1	4.23	3.74	3.78	1	5.07	4.36	4.95	5.1	6.47	2.66	5.6	1	2.68	5.1	4.7	3.88	5.19	1	5.72	1	5.66	5.87	7.77	8.23	8.87	10.35	6.83	6.78	6.08	6.77	8.8	8.78	9.06	10.56	9.98	7.96	7.29	9.03	6.88	7.5	9.15	10.79	10.75	10.52	9.06	7.61	10.27	9.8	9.36	8.59	8.96	6.93	8.86	3.04	7.43	7.23	10.31	8.76	6.41	8.04	8.45	8.84	8.68	8.82	10.24	9.97	7.14	5.91	8.66	9.08	9.14	9.94	9.89	6.38	8.24	9.2	7.9	6.65	8.6	9.67	7.56	9.54	8.71	5.76	7.44	10.15	7.38	7.99	7.37	6.89	9.57	9.06	9.36	9.83	9.51	9.16	6.92	7.93	10.56	9.52	9.77	9.37	7.83	6.57	9.46	8.99	4.5	6	9.42	6.22	3.6	7.09	6.52	9.74	7.76	7.7	5.93	5.36	6.43	7.21	9.29	5.46	7.83	6.27	6.62	7.66	4.83	8.73	10.65	8.32	8.59	10.13	8.67	6.57	6.41	6.14	5.46	9.62	8.04	8.05	8.92	7.74	5.04	9.41	8.21	8.79	9.36	8.59	9.51	4.69	10.8	7.95	7.84	6.42	5.64	6.09	9.46	6.58	5.56	5.66	8.07	9.38	7.96	9.95	7.32	8.9	6.98	8.56	8.3	3.56	7.52
36591_at	1	5.48	1	9.22	8.47	1	1	1	3.83	7.39	2.61	6.74	1	1	1	1	1	1	6.84	1	7.03	1	5.72	1	4.83	1	1	1	4.39	9.24	8.29	7.76	9.1	7.94	7.92	8.33	7.26	7.45	7.7	7.21	7.88	9.92	9.86	9.04	7.46	8.23	8.61	8.3	9.32	10.09	7.48	8.06	7.23	7.57	7.7	8.07	7.6	1	4.38	5.1	5.33	7.51	6.15	8.91	9.58	10.05	6.02	9.28	7.93	8.23	8.33	8.11	7.95	8.93	8.03	6.68	4.29	7.42	7.25	7.79	6.31	6.94	7.86	8.12	8.14	7.84	7.99	8.78	7.93	8.28	7.47	7.73	9.07	9.89	8.69	7.7	8.69	8.83	8.74	5.8	9.21	7.86	9.36	8.57	8.24	7.03	7.74	5.58	8.43	7.43	8.08	7.16	9.19	9.04	9.35	8.43	8.44	7.12	7.98	8.95	1	8.49	8.5	8.85	8.21	8.4	8.44	8.91	8.66	8.98	8.81	6.79	5.72	6.29	9.04	7.94	9	7.71	8.13	8.62	9.27	7.66	8.07	6.91	7.47	8.29	9.23	7.69	8.25	8.1	8.01	8.86	5.58	8.59	8.35	7.15	9.15	7.86	7.09	7.18	5.37	1	7.18	8.7	7.15	7.28	8.01	7.76	8.18	7.17	7.07	8.05	6.26	6.6	7.73	1	8.21	8.13	7.89	7.52	8.01
38127_at	8.47	7.54	7.82	11.28	9.17	7.35	6.9	7.55	7.57	8.64	8.55	7.94	8.78	9.16	7.76	8.12	8.37	7.96	8.18	8.28	8.75	8.66	8.65	7.7	8.31	8.4	8.4	9.35	9.14	8.42	7.55	9.64	9.55	8.97	8.88	9.2	9.02	8.94	10.47	9.65	9.85	10.56	10.27	11.91	11.16	10.19	9.97	11.1	9.28	9.54	10.29	10.72	10.09	10.51	10.4	10.72	9.95	11.02	10.84	10	10.15	10.43	9.86	8.63	10.57	10.13	10.05	11	9.4	11.23	11.47	10.59	9.9	9.89	10.45	9.33	9.69	10.45	10.63	11.27	10.31	10.51	11.22	10.98	10.34	11.65	10.25	9.95	10.66	11.64	10.03	10.61	9.81	9.27	9.62	11.64	9.52	9.59	9.8	9.93	11.3	10.56	11.21	9.84	9.92	9.91	8.92	9.72	9.54	10.15	10.02	10.02	9.41	10.51	10.1	9.98	9.08	9.84	9.63	9.77	9.04	9.19	9.1	10.7	8.85	10.91	9.69	10.31	8.86	8.87	9.59	9.93	9.64	9.12	9.59	9.68	9.84	9.89	10.24	9.38	9.44	10.41	10.53	10.11	10.32	9.64	9.92	10.1	10.4	10.22	10.57	10.2	8.56	10.44	10.6	9.45	10.35	9.19	9.66	10.2	10.11	9.97	9.62	10.27	10.59	10.88	8.72	9.19	9.27	9.2	9.61	11.25	9.82	10.4	9.22	9.69	9.18	9.56	9.99	9.81	9.43
38028_at	4.19	1.38	1	1	1	1	1	3.07	1	3.2	1	3.42	1	1	1	3.25	1	2.54	4.63	3.94	5.4	1	0.85	1	1	1	1	3.04	3.35	1	1	0.49	5.53	6.72	7.22	7.32	6.91	7.33	5.1	4.89	8.15	8.95	8.7	8.25	8.23	7.28	8.22	8.68	1	6.29	8.27	9.08	8.44	9.12	7.04	9.26	9.28	8.01	7.44	8.71	8.5	7.85	8.94	7.65	4.37	4.84	8.61	7.81	4.88	7.74	7.67	4.73	8.4	8.9	7.94	9.08	4.92	1	9.15	7.97	8.14	8.3	9.41	4.99	4.18	8.78	8.67	4.61	8.84	9.16	8.33	9.03	8.17	6.02	6.97	9.88	6.96	6.93	6.86	6.29	7.71	8.11	8	8.6	8.61	8.24	5.71	7.52	9.3	8.19	8.36	8.89	7.12	6.45	6.85	7.67	3.29	1	4.8	4.39	1	1.72	2.29	6.95	7.47	7.69	1	2.89	5.77	4.8	8.27	6.16	5.64	4.49	6.56	8.91	3.72	7.82	9.11	8.96	5.41	9.84	5.1	4.66	4.48	4.15	1	8.44	7.46	7.47	8.77	4.77	2.81	7.4	9.17	7.25	9.01	8	8.14	4.12	8.72	3.29	7	4.55	4.64	4.11	7.15	5.32	4.17	4.89	7.23	9.04	8.96	9.73	7.19	0.85	7.84	7.86	8.7	4.58	7.64
1881_at	3.81	1	2.49	5.53	1	1	4.2	5.18	3.25	2.58	5.31	1	4.64	1	4.86	2.04	5.02	4.16	6.68	6.07	6.59	1	3.84	4.17	3.84	1	1	5.24	1	1	1	7.08	3.51	5.79	7.43	4.69	4.87	6.51	5.87	3.31	5.82	5.74	5.64	8.03	7.94	6.25	8.8	5.76	5.95	5.34	5.56	7.85	7.42	7.52	5.47	9.07	8.96	6.53	4.9	7.65	8.19	6.44	7.12	6.15	6.51	6.04	7.2	8.14	6.31	6.85	6.3	7.81	6.9	6.28	6.84	8.17	8.67	7.48	8.91	6.46	5.75	4.87	6.74	5.83	6.91	3.84	5.94	6.7	5.73	5.96	6.48	7.17	5.87	5.84	6.2	5.36	6.25	7.33	5.77	4.84	6.28	5.78	5.54	5.33	6	8.39	7.1	6.34	7.12	5.24	5.99	5.03	5.1	6.27	6.11	5.62	5.97	1	4.82	6.58	4.91	6.3	5.69	6.46	7.19	6.59	6.63	5.72	3.36	5.69	5.49	6.16	7.58	7.05	7.01	7.98	6.75	6.36	7.64	4.67	7.46	7.29	7.27	5.65	5.96	6.02	6.4	5.82	6.85	6.52	7.06	1	4.41	8.29	5.96	6.61	6.61	6.05	8.51	6.86	8.23	6.86	6.38	7.1	6.91	7.33	6.32	6.42	7.41	7.7	6.22	4.84	5.68	7.85	6.16	5.35	6.44	6.93	5.97	7.85	7.18
2047_s_at	8.48	8.04	7.8	9.35	8.9	8.78	8.82	8.83	9.25	7.88	8.37	9.4	7.81	7.16	7.84	9.13	8.23	5.82	7.22	7.62	8.5	8.53	7.96	8.41	8.12	6.6	8.27	8.01	9.62	8.3	6.25	10.1	9.82	9.57	9.16	9.62	9.64	9.85	9.92	9.89	8.89	9.39	9.65	9.8	9.71	9.59	10.42	9.69	8.92	8.99	9.38	9.48	9.46	9.39	9.83	9.61	9.56	9.89	9.32	9.73	9.93	9.55	9.9	8.15	9.79	9.36	9.41	10.26	9.72	10.1	10.32	9.54	9.88	9.5	9.42	9.36	9.91	10.36	9.68	9.42	9.1	9.13	9.86	9.89	9.21	9.44	9.75	10.9	9.57	9.66	9.8	9.75	9.39	9.26	9.75	9.37	9.84	9.76	9.67	8.87	9.38	9.76	9.45	9.05	9.29	10.05	9.74	8.47	9.28	9.33	9.39	9.39	9.31	9.66	9.92	9.96	8.85	8.34	9.34	9.71	6.78	9.57	9.72	9.57	9.31	9.65	9.17	9.17	10.06	9.9	9.55	9.41	9.38	9.29	9.62	8.51	9.77	8.6	9.54	7.57	9.82	9.88	10.63	9.91	9.64	9.37	9.65	9.09	9.55	9.62	9.55	9.5	9.13	9.27	9.27	9.58	9.54	9.13	10.1	9.74	9.68	9.69	9.12	8.98	9.78	10.44	9.11	9.2	10.08	10.47	9.77	9.64	9.64	8.82	9.18	10.06	8.93	10.46	9.74	10.25	9.91
35816_at	9.36	9.81	8.83	10.41	9.82	10.45	10.17	9.76	9.99	9.68	7.95	9.17	8.76	9.03	8.36	9.25	9.48	8.49	9.85	9.17	9.2	8.15	8.55	9.14	9.15	8.93	9.25	8.77	9.37	8.98	9.15	10.27	10.62	10.95	11.55	11	10.75	10.65	10.58	11.19	10.05	10.27	10.2	10.05	10.25	10.16	9.95	10.42	10.38	10.6	9.45	10.9	10.74	10.51	10.64	10.74	10.23	10.55	10.38	10.98	10.57	10.11	10.01	10.61	11.41	10.98	10.23	9.87	10.46	10.13	10.08	10.03	10.89	10.09	11.46	10.42	10.51	11.56	10.54	10.3	10.42	10.17	10.24	9.58	10.57	10.51	10.16	10.88	10.64	10.89	10.27	10.98	10.28	10.18	11.05	10.35	11.13	11.51	11.02	10.34	11.01	10.65	11.06	11.75	11.35	10.49	10.28	10.1	10.63	9.09	9.43	9.59	10.48	11.36	10.61	10.78	10.55	11.13	10.97	9.95	9.44	9.79	10.57	11.39	10.39	10.65	10.65	10.82	9.39	9.32	10.5	10.43	10.24	10.36	11.03	10.43	10.8	10.75	10.88	11.1	11.03	10.88	10.58	10.05	10.22	11.12	11.42	10.4	11.17	11.12	10.27	9.35	10.89	10.15	10.44	10.47	10.14	10.44	10.49	10.65	10.61	9.27	9.55	12.2	11.78	11.66	10	10.62	10.71	10.51	10.75	10.13	10.53	10.17	10.62	9.29	10.11	10.13	11.24	10.39	10.92
700_s_at	8.81	6.3	5.1	10.5	7.81	5.18	9.41	4.95	7.73	6.58	7.49	8.62	6.86	7.01	5.22	6.97	6.9	6.69	9.1	1	9.4	1	6.32	7.88	7.08	1	2	1	8.4	4.28	6.97	5.04	10.5	10.44	11.19	10.97	10.46	10.71	10.44	9.56	10.78	10.17	10.76	11.06	10.63	10.94	11.27	10.36	7.31	9.49	11.19	12.71	12.01	12.08	9	10.83	12.19	10.45	10.51	11.88	11.37	10.09	10.2	1	10.13	10.32	11.75	11.63	9.05	11.91	11.72	11.16	11.41	9.83	10.44	11.48	10.41	7.05	11.44	11.18	10.12	9.39	11.72	8.85	10.98	10.66	11.92	9.28	12.38	10.68	10.45	11.35	11.01	10.4	11.05	11	11.12	11.04	11.13	8.65	10.13	11.03	10.35	10.63	10.68	11.22	8.07	11.7	11.6	10.35	10.51	10.18	10.21	10.02	11.87	11.49	10.89	7.84	10.51	7.69	6.3	7.84	9	10.15	9.99	10.67	10.88	11.17	8.51	8.45	9.77	10.19	10.69	10.68	9.99	12.3	9.79	10.37	11.91	7.57	11.36	12.28	10.27	11.44	11.82	9.66	10.21	11.15	11.14	10.96	11.14	8.28	5.1	11.76	10.66	11.82	10.67	10.47	11.44	9.1	12.1	9.53	9.95	11.76	10.91	11.2	10.13	11.53	7.71	8.97	10.1	9.88	10.17	11.18	9.05	4.73	9.78	9.91	10.39	5.2	10.27
36543_at	4.4	5.69	6.6	4.45	5.08	5.12	4.37	4.54	2.91	5.77	5.41	7.18	1	1	3.75	1	4.74	4.76	1	4.29	4.61	1	6.47	3.6	1	3.35	5.28	5.32	6.32	1	1	4.98	5.01	7.62	8.09	6.58	9.05	8.91	5.85	7.04	7.98	6.38	5.88	6.71	7.74	7.84	8.15	7.44	8.27	6.79	5.88	8.91	9.38	9.02	7.57	7.03	8.58	9.17	8.62	7.17	8.33	5.7	9.03	1	7.24	7.14	5.98	6.28	7.64	4.17	3.85	5.78	7.73	6.41	7.3	5.42	6.83	6.55	7.66	6.67	8.11	8.86	7.72	7.1	7.32	7.25	5.64	7.25	6.95	6.98	7.69	8.03	6.24	5.83	8.17	7.17	7.95	8.29	7.97	6.01	8.32	7.58	7.81	6.35	6.17	7.77	6.03	4.62	6.5	6.9	7.07	7.73	6.68	9.04	6.98	7.46	7	5.46	7.08	5.95	5.65	7.44	6.19	8.65	6.15	7.91	5.82	4.45	6.14	5.68	7.49	8.06	7.1	6.09	7.13	6.29	5.75	6.93	8.7	8.71	6.15	8.33	7.56	7.06	6.1	7	6.07	7.26	7.9	7.73	6.5	8.01	6.33	6.33	6.09	6.34	7.35	7.12	8.45	5.4	8.46	9.13	8.18	5.05	7.91	7.88	5.76	4.12	6.41	6.04	8.14	6.21	8.49	8.98	8.2	6.01	5.51	8.56	8.61	5.91	7.03
36694_at	3.25	4.45	3.56	3.55	4.51	2.2	1	1	2.79	4.6	3.23	2.04	3.85	4.17	4.05	4.29	3.31	1	1	4.41	1	5.06	5.3	0.58	3.9	1	4.73	4.62	1	1	1	4.89	7.05	6.91	7.08	4.73	5.76	5.19	5.8	5.75	5.14	6.29	5.99	6.37	6.06	7.43	7.8	7.81	6.83	6.42	7.19	6.89	7.09	6.79	6.64	6.57	6.59	6.9	6.82	6.72	7.52	6.74	5.76	1	7.69	7.66	6.42	6.79	5.44	5.61	4.82	7.34	6.99	6.89	6.09	6.02	4.94	3.49	6.6	5.46	6.86	6.4	5	3.6	6.55	6.03	7.05	4.22	7.02	7.55	7.14	7.18	7.33	4.62	7.04	7.97	7.01	6.23	6.83	6.13	7.75	7.51	7.7	6.21	5.8	2.91	5.23	5.58	5.43	5.43	6.24	6.53	3.66	6.83	5.92	6.55	6.62	6.06	6.53	4.42	3.31	3.42	0.38	6.05	6.11	7.1	6.11	6.65	6.08	5.91	7.28	3.99	6.42	5.6	5.13	5.45	4.47	6.19	7.01	6.82	5.61	7.44	8.05	7.32	7.03	4.71	4.83	6.93	5.34	5.34	7.85	7.17	5.45	5.93	6.78	7.11	6.06	6.28	1.43	6.58	7.38	5.79	6.41	4.95	4.66	4.05	1	5.97	5.03	5	6.48	7.19	6.1	6.55	5.16	6.84	4.09	6.46	6.56	5.29	4.29
33499_s_at	10.06	10.95	9.67	7.29	7.95	10.72	8.19	7.54	10.63	9.55	8.8	8.63	9.86	12.21	10.12	7.93	10.54	9.29	12.14	12.41	12.46	6.07	9.25	10.62	11.98	8.92	7.73	10.49	9.11	11.66	7.84	10.8	13.89	13.3	13.1	13.28	13.07	13.32	13.59	13.2	14.13	12.02	11.75	11.88	12.34	12.93	15.03	12.67	11.42	12.14	11.63	12.2	12.38	12.55	13.53	11.9	11.5	11.72	13.55	12.91	12.02	10.16	13.56	10.97	12.47	12.03	13.26	12.21	12.79	13.72	12.61	13.18	13.83	13.64	12.54	13.23	13.01	9.94	13.42	12.88	13.49	13.04	14.01	13.67	10.03	13.23	12.69	13.37	11.8	12.11	12.19	12.81	13.18	13.22	12.23	11.66	12.51	13.08	12.3	13	12.34	12.17	12.31	13.36	12.96	13.25	12.13	13.83	12.68	12.09	12.28	11.67	14.53	12.64	14.58	12.56	14.22	11.97	13.7	13.22	9.76	8.31	6.76	11.66	10.74	11.56	12.44	13.08	12.66	13.37	12.84	13.11	13.51	13.37	10.87	13.88	11.19	13.18	13.49	11.1	12.64	11	12.9	11.4	12.4	12.65	12.7	12.18	14.15	14.12	12.63	12.34	13.28	12.3	11.89	12.4	12.48	12.47	13.28	13.19	13.88	13.88	13.85	12.43	14.18	13.63	13.03	12.42	13.14	12.61	12.51	12.47	12.62	12.36	12.59	13.3	9.46	12.22	11.04	7.47	11.53
39236_s_at	5.49	1	5.66	3.97	4.73	4.58	5.66	3.61	4.66	1	6.12	4.74	1	1	4.74	5.88	1	2.04	1	1	4.96	3.45	3.93	6.23	1	6.69	4.83	6.19	1	1	2.56	7.53	4.92	6.64	5.87	5.72	6.85	6.5	6.99	5.69	6.7	5.99	6.05	6.59	6.53	6.72	7.2	6.41	5.64	4.99	6.44	6.73	6.84	6.03	5.89	7.24	6.03	7.12	5.54	5.08	5.45	7.16	5.26	1.68	3.58	5.86	6.43	6.31	6.2	6.31	6.74	7.51	5.61	6.61	6.05	6.48	6.64	6.65	6.26	6.66	6.23	7.09	5.63	6.07	6.04	7.11	6.15	5.97	7.62	6.45	6.32	5.84	6.53	5.68	5.44	6.04	6.54	6.44	6.23	6.17	6.51	6.25	6.35	6.38	5.14	6.47	5.16	6.4	5.78	6.3	6.44	5.54	6.36	6.31	6.96	6.31	4.63	7.36	5.52	6.21	4.95	6.6	6.14	5.53	3.51	6.34	5.86	6.13	6.64	5.74	6.71	5.87	7.1	6.49	7.29	6.65	7.63	5.97	7.04	5.49	6.89	6.31	6.81	6.51	6.69	6.66	5.5	5.84	6.26	6.94	6.93	5.24	3.68	6.26	6.34	6.18	6.33	5.4	6.26	5.53	5.93	6	5.75	6.69	5.91	5.88	5.96	7.49	6.97	6.97	5.88	6.43	6.95	5.88	6.17	1	7.76	6.45	5	7.42	7.22
39951_at	4.96	4.27	3.45	2.38	4.19	4.66	2.51	3.29	3.34	1	4.81	5.55	3.43	5.15	1	4.66	4.26	3.49	1	5.52	1	1	4.92	3.46	4.48	1	5.35	4.65	1	1	1	8.03	7.03	6.39	7.07	5.24	5.85	6.24	5.94	6.37	6.7	5.57	6.68	6.14	6.23	7.2	6.34	7.25	5.98	6.57	6.38	6.29	6.89	7.21	6.61	6.57	7.28	6.39	5.88	6.83	7.58	6.73	4.73	1	7.61	7.8	6.77	6.26	7.47	6.74	6.26	5.52	5.58	6.96	6.18	7.15	7.18	7.54	6.73	5.66	6.31	6.32	4.71	4.11	6.4	5.99	5.99	7.25	5.93	5.42	7.2	5.78	6.47	6.59	6.01	6.61	5.92	5.45	5.79	4.69	6.14	6.7	5.85	4.62	3.64	6.76	4.68	4.15	6.59	5.19	5.21	5.39	5.17	6.87	6.82	6.8	3.02	5.55	6.51	7.19	3.36	8.59	8.68	6.45	6.03	6.27	6.47	5.9	5.91	4.41	6.24	5.82	4.64	1.96	7.81	5.35	7.66	5.82	6.06	5.55	5.34	6.21	6.24	5.91	5.92	6.84	6.76	6.66	5.39	5.04	6.48	7.35	1	7.07	6.52	6.03	6.81	5.29	7	7.93	6.21	4.42	5.03	5.07	7.57	7.53	6.04	6	8.16	7.99	6.57	5.98	5.88	6.89	5.37	6.69	3.15	6.13	6.24	8.26	7.93
38784_g_at	8.73	5.8	4.81	10.64	8.07	4.19	9.38	6.99	7.9	7.52	7.97	8.38	7.55	8	6.72	7.6	7.84	7.72	9.12	1	9.14	7.88	6.49	8.67	7.63	5.9	5.51	4	8.43	6.36	7.47	6.65	10.47	10.64	11.3	10.92	10.36	10.81	10.58	9.46	10.6	9.79	10.75	10.79	10.87	11.04	11.12	10.61	7.83	9.68	11.37	12.79	12.2	12.39	8.94	11.07	12.34	10.45	10.79	12.08	11.32	10.29	10.28	4.96	10.41	10.29	11.84	11.65	9.01	11.98	12.06	11.12	11.52	9.86	10.36	11.39	10.63	7.57	11.38	11.23	10.22	9.34	11.98	9.2	10.95	10.4	12.04	9.34	12.36	10.79	10.66	11.4	11.05	10.06	11.12	11.11	11.28	11.15	11.32	8.64	10.18	11.13	10.26	10.62	10.49	11.35	8.57	11.55	11.59	10.3	10.42	10.23	10.23	10.05	12.02	11.5	10.51	7.47	10.3	7.27	6.31	8.26	9.03	10.2	10.12	10.62	10.91	11.41	8.78	8.42	9.93	9.86	10.18	10.03	9.92	12.22	9.78	9.9	11.92	6.74	11.43	12.35	10.21	11.41	11.74	9.83	10	11.21	11.24	11.26	11.07	8.72	7.39	11.97	10.73	12.04	10.68	10.63	11.24	8.63	12.24	9.84	9.72	11.82	10.77	10.73	10.11	11.53	8.58	8.87	10.16	10.02	10.4	11.31	9.29	6.46	9.66	10	10.37	7.17	10.39
37674_at	7.26	6.35	6.13	6.2	6.06	5.98	6.21	5.38	6.22	6.39	6.65	6.55	4.21	6.64	5.92	6.47	5.54	6.48	1	1	1	4.31	5.86	5.43	6.46	1	4.43	5.8	4.18	1	5.04	6.71	6.91	6.69	7.03	7.36	6.65	6.6	6.76	6.46	6.74	6.24	7.03	7.06	7.5	6.7	6.68	6.79	7.19	7.17	7.46	6.97	7.51	7.33	8.13	7.34	7.58	7.01	6.88	7.39	7.51	7.18	7.07	7.52	7.64	7.46	7.04	6.83	6.82	7.31	7.77	7.94	6.78	6.94	7.65	7.4	8.08	7.04	6.88	7.81	7.02	6.73	7.4	6.33	6.52	6.5	7.19	6.89	7.21	7.18	6.67	7.1	6.38	7.19	6.98	7.4	6.88	7.58	7.13	6.7	7.05	6.82	7.07	7.16	7.07	8.53	7.61	7.8	9.03	6.93	7.09	6.65	7.58	6.77	7.27	6.98	7.51	5.68	7.03	6.96	7.17	7.07	6.66	7.11	6.86	6.62	7.25	6.63	7.34	7.62	6.38	6.72	6.5	6.44	6.93	7.57	6.82	6.82	6.75	6.81	7.05	6.9	6.59	7.16	7.21	6.18	6.36	7.55	7.52	7.19	6.88	6.67	5.66	7.39	6.92	7.82	7.47	7.34	8.88	7.18	7	8.24	6.34	7.45	7.02	6.88	7.97	7.9	7.16	7.13	7.41	6.88	7.28	7.27	7.04	6.21	6.69	7.03	7.88	6.75	7.28
38783_at	8.36	6.43	1	10.43	7.64	1	8.91	1	7.25	7.94	7.43	8.53	1	2.85	1	1	7.21	6.61	7.85	1	9.33	1	4.17	7.61	6.57	1	1	1	7.6	1	1	1	9.62	10.35	10.94	10.36	10.43	10.71	10.38	9.45	10.48	10.56	10.57	11.14	10.29	10.64	10.25	10.39	6.99	9.39	10.96	12.6	11.75	11.98	8.74	10.81	11.92	10.22	10.37	11.39	11.2	10.85	9.98	1	9.81	10.11	11.56	11.22	7.79	11.69	11.59	11.14	11.02	9.45	9.84	11.34	10.08	6	10.98	10.88	9.92	8.75	11.66	7.9	10.69	10.46	11.62	9.06	12.28	10.56	10.37	11.16	10.82	10	10.79	11.15	10.97	10.86	10.83	8.52	10.16	10.89	9.94	10.27	10.16	11.24	7.08	11.62	11.21	9.61	9.96	10.01	9.7	9.78	11.62	11.16	10.83	7.96	9.8	6.41	1	3.94	8.87	9.77	9.83	10.66	10.65	11.3	7.93	7.7	9.52	10.08	10.42	10.47	9.5	12.08	9.5	10.65	11.77	9.07	11.18	12.18	10.28	11.35	11.68	9.78	9.82	10.88	10.81	10.8	10.91	4.93	1	11.73	10.47	11.77	10.31	10.08	11.26	8.13	11.93	9.39	10.08	11.6	10.94	11.13	10.18	11.05	7.71	8.17	9.79	9.56	10.08	11.12	9.03	1	9.18	9.71	10.31	4.58	9.84
715_s_at	5.87	4.34	6.3	5.31	5.55	6.19	6.13	6.26	5.72	5.09	6.49	5.56	6.25	6.61	6.3	6.98	6.07	6.34	5.39	6.38	5.06	5.94	6.2	6.55	6.79	6.5	6.9	5.9	5.72	6.07	6.01	8.11	7.21	7.6	7.52	7.82	6.85	7.02	8	8.8	7.73	8.11	8.16	8.93	9.05	7.79	8.07	8.23	6.39	6.74	9.42	8.22	8.26	8.26	7.7	7.85	7.23	8.46	8.18	8.74	8.55	9.01	6.76	7.48	8.04	7.91	10.16	7.41	7.55	7.4	7.93	9.47	7.72	8.25	7.1	9.48	9.27	7.13	7.82	7.74	9.05	9.12	9.53	7.29	7	8.19	8.87	6.83	10.47	8.19	7.29	8.26	7.52	6.99	7.15	8.29	7.06	7.85	7.36	7.23	8.1	7.34	8.22	7.57	7.64	7.74	7.56	8.01	8.4	7.03	7.03	7.09	8.5	7.88	7.8	7.82	7.22	6.42	8.45	7.59	7.63	6.93	6.44	6.51	7.95	7.47	6.64	6.2	6.9	6.39	7.46	6.82	7.5	7.44	7.18	8.02	7.09	7.14	7.29	5.95	7.32	7.58	8.46	7.06	7.44	6.99	6.46	7.46	7.83	7.9	9.5	7.13	6.64	8.44	8.04	8.55	8.37	8.68	7.73	6.59	6.89	7.2	6.37	6.93	7.14	7.4	7.86	6.75	6.99	7.48	7.79	8.75	7.14	7.86	7.2	7.89	7.19	8.41	8.22	8.18	7.57
634_at	6.16	4.77	6.38	5.89	6.88	5.5	5.93	6.08	5.72	5.75	6.57	6.34	7	7.23	6.65	6.58	6.15	6.68	8.18	7.08	7.63	8.27	6.55	6.59	6.43	8	6.73	7.05	8.03	7.79	5.82	8.86	7.91	7.92	7.84	9.18	8.36	8.68	8.24	7.35	7.46	8.16	8.33	9.41	8.49	7.44	8.35	8.96	6.64	6.89	9.47	9.44	9.03	9	7.87	9.67	9	8.78	8.53	8.05	8.16	8.25	8.5	7.75	7.93	7.32	8.79	8.79	8.76	9.84	10.2	8.74	8.11	8.42	8.42	8.13	8.74	8.28	7.6	8.48	8.55	8.61	8.42	7.43	7.55	8.16	8.77	8.15	9.61	8.68	8.18	8.28	8.59	7.63	8.14	8.9	8.44	8.69	8.4	6.8	8.45	8.61	8.4	8.24	8.13	9.27	8.47	8.37	8.29	7.32	6.76	7.1	7.85	7.65	8.66	8.64	8.1	6.53	8.48	8.47	5.94	7.36	6.9	8.96	6.72	8.59	7.82	7.94	7.29	7.49	7.75	7.73	8.39	7.74	8.85	8.61	9.26	7.51	8.82	6.89	8.29	9.09	9.17	7.74	7.97	7.7	8.33	8.54	7.95	7.67	9.54	8.46	7.05	8.7	8.59	8.95	8.61	7.58	9.41	8.36	9.25	7.95	7.26	8.39	8.12	8.36	8.21	7.97	8.43	8.87	7.76	8.02	7.86	8.16	7.2	8.47	7.98	8.13	8.63	8.71	8.17
927_s_at	7.83	6.03	4.7	9.41	6.8	1.49	8.27	1	6.42	7.63	5.62	8.01	6.46	7.18	7.27	7.05	7.8	7.02	8.68	7.51	9.59	6.34	4.06	8.19	7.06	4.46	1	5.99	7.85	4.96	8.17	5.49	9.23	9.85	10.34	9.8	9.55	9.98	9.46	9.01	9.97	10.13	10.01	10.4	9.59	9.68	10.01	9.35	7.21	8.85	10.08	12.04	10.96	11.37	8.4	10.01	11.28	9.66	9.88	10.33	10.52	10.26	9.4	4.29	9.14	9.45	10.66	10.47	7.88	11	10.67	10.48	10.1	9.27	8.96	10.45	9.16	7.74	10.2	10.03	9.23	8.94	10.73	7.96	9.94	9.69	10.72	8.6	11.73	9.46	9.56	10.47	9.79	9.1	9.91	10.22	9.89	9.87	9.86	7.75	9.05	10.06	9.24	9.7	9.46	10.44	8.3	11	10.5	9.49	9.18	9.06	9.49	9.39	10.97	10.55	10.83	8.14	9.43	7.29	5.77	8.41	8.33	9.14	9.14	9.93	9.62	10.43	8.33	8.09	8.86	9.5	10.18	10.25	9.07	11.36	8.85	10.2	10.91	8.9	10.21	11.36	9.71	10.47	10.82	8.64	9.05	9.86	10.36	10.14	10.54	8.62	7.31	11.05	9.41	11.09	9.3	9.16	10.53	8.32	11.15	9.12	9.64	11.04	10.63	10.66	9.8	10.27	8.17	8.25	8.76	8.34	8.76	10.55	8.12	4.26	8.53	8.86	9.46	5.07	8.9
1371_s_at	2.17	2.17	1	1	1	4.19	2.94	1	3.96	1	4.37	3.04	1	1	1	4	2.46	4.26	6.37	1	4.65	5.17	1	1	1	1	4.5	4.39	1	1	1	7.2	1	5.21	7.06	7.78	5.06	4.44	8.44	1	9.17	9.88	7.84	11.42	11	10.07	10.07	8.77	7.45	7.63	8.39	10.82	10.25	10.55	5.11	9.5	11.43	7.88	8.26	10.38	10.21	11.26	9.66	2.38	8.76	9.12	11.7	9.4	7.47	11.15	11.46	8.2	9.26	8.38	7.25	10.74	8.46	1.49	10.36	7.35	10.13	9.43	10.67	7.12	5.33	10.79	10.37	5.83	10.14	8.8	8.37	9.04	5.69	6.8	7.25	9.48	6.96	7.14	7.46	6.66	9.15	9.54	9.31	8.89	8.77	10.33	5.97	9.6	10.72	10.76	10.74	10.79	7.88	4.57	7.66	7.32	1.54	4.92	7.82	8.22	1	2.23	1.63	6.91	8.18	4.87	9.89	10.7	1	1	5.56	10.44	10.67	10.89	7.17	10.57	9.03	8.79	12.07	8.09	6.02	9.72	12.08	6.73	6.15	6.33	6.06	6.98	8.85	8.81	11.69	1	1	10.86	5.18	10.76	9.03	9.81	10.07	5.64	8.23	3.17	6.86	10.82	1	1	9.91	8.19	8.07	8.26	8.27	7.58	8.51	11.12	8.68	1	9.93	9.85	8.29	8.04	8.88
36781_at	8.02	6.83	6.1	8.09	6.36	5.89	7.05	6.25	7.17	7.71	6.91	5.52	5.38	6.38	4.68	4.8	6.97	6.74	7.95	8.06	7.73	4.98	6.67	7.05	6.21	6.13	6.94	7.65	6.68	7.95	6.74	8.59	12.38	11.52	11.87	10.84	11.07	11.11	8.08	9.3	11.49	9.34	10.06	8.99	10.55	9.47	8.89	10.38	9.8	10.48	8.26	10.72	10.69	10.77	8.94	9.55	10.91	7.6	8.55	10.43	10.26	8.8	5.74	4.18	10.73	9.04	7.99	11.42	9.64	8.59	8.57	10.64	11.54	9.52	10.97	11.27	10.28	8.28	10.89	10.83	9.08	8.07	8.45	8.99	10.69	9.67	9.69	9.3	7.36	9.36	10.27	10.42	7.8	11.43	9.62	8.75	9.7	10.46	9.9	8.22	10.85	8.14	10.94	11.16	10.91	10.45	9.05	7.99	11.13	9.94	10.24	9.73	9.18	7.19	10.74	10.43	10.17	6.37	11.16	9.28	6.53	9.92	10.3	7.98	9.81	10.84	8.21	7.94	11.45	11.95	8.89	7.94	7.64	8.27	10.09	10.13	11.03	10.43	10.69	10.89	11.42	9.1	10.58	11.01	11.67	10.7	11.39	9.81	11.2	11.21	7.35	9.64	8.44	10.14	11.94	10.95	9.06	10.67	10.64	8.04	10.44	5.79	9.63	9.39	7.06	7.62	8.01	8.59	8.45	10.11	9.27	10.27	10	9.9	9.86	6.12	7.52	9.1	10.94	4.95	9.78
33501_r_at	10.04	11.3	9.74	7.67	8.51	10.8	8.11	7.72	10.81	9.97	8.89	8.84	10.39	12.7	9.99	7.53	10.79	9.72	12.65	12.87	12.88	1	9.71	10.99	12.26	7.25	8.5	10.45	9.1	12.06	6.12	11.19	13.81	13.3	12.99	13.34	13.13	13.35	13.75	13.44	14.18	12.01	12.03	12	12.35	13.13	15.69	12.86	11.61	12.47	11.71	12.48	12.58	12.79	13.6	12.23	11.45	12.04	13.66	13.09	12.3	10.39	13.75	11.28	12.52	12.22	13.39	12.59	12.83	13.58	12.64	13.37	13.81	13.51	12.53	13.22	13.17	9.72	13.35	13.01	13.71	13.29	13.93	13.79	10.42	13.46	12.75	13.3	11.74	12.12	12.35	12.88	13.39	13.22	12.38	11.64	12.67	13.2	12.38	13.25	12.5	12.16	12.46	13.4	13.02	13.31	12.5	13.9	12.56	12.06	12.25	11.67	14.58	12.64	14.68	12.89	14.29	12.02	13.6	13.33	9.77	8.28	7.57	11.66	10.76	12	12.71	13.35	12.82	13.51	13.04	13.22	13.4	13.3	11.14	13.98	11.37	13.55	13.56	11.22	12.79	11.46	12.99	11.81	12.63	12.81	12.77	12.33	14.06	14.13	12.71	12.33	13.39	12.77	11.9	12.53	12.7	12.79	13.33	13.17	13.99	14	13.95	12.48	14.23	13.69	13.11	12.29	13.27	12.69	12.74	12.61	12.78	12.62	12.84	13.45	9.72	12.31	11.13	7.25	11.65
41827_f_at	9.1	10.77	10.75	5	7.15	10.4	7.2	5.66	9.24	11.12	7.95	7.5	8.7	10.76	9.09	1	9.4	6.18	10.4	10.06	11	1	7.6	9.29	10.64	1	1.63	10.9	7.05	11.64	1	11.15	13.06	12.81	12.41	12.58	12.19	12.12	12.51	12.77	13.3	10.67	10.64	10.35	10.56	11.84	14	12.05	10.08	10.88	9.96	10.04	11.44	11.33	12.89	10.95	10.67	10.99	12.65	11.04	10.79	9.15	12.6	10.69	11.28	10.9	11.26	10.26	11.9	12.33	10.69	12.62	12.9	12.55	11.06	11.8	11.45	8.11	12.08	12.31	12.59	12.43	12.54	12.9	9.75	12.81	11.13	12.41	10.07	11.85	11.03	11.79	12.43	12.5	11.51	11.19	11.59	12.22	11.34	12.27	11.36	11.56	11.3	12.22	11.66	11.46	9.88	12.35	11.2	9.93	10.4	9.94	13.87	11.88	13.41	11.97	13.58	12.6	13.21	12.69	9.22	6.43	4.57	10.84	9.72	11.3	11.7	11.86	11.97	12.73	11.78	12.37	12.54	12.07	11.19	12.62	10.07	12.38	12.26	9.74	11.91	9.25	11.79	11.62	12.76	11.7	11.7	12.09	13.44	13.36	11.42	9.86	12.9	10.41	10.04	11.24	11.18	11.48	11.64	11.97	12.58	13.47	12.99	11.44	13.55	12.81	12.03	11.77	13.22	11.95	11.63	11.48	12.01	11.52	12.01	12.48	8.13	11.15	10.16	8.4	9.55
677_s_at	5.75	1	4.63	6.13	2.96	8.24	5.52	1	5.58	5.19	4.84	3.66	2.35	1	2.74	1	4.79	4.76	6.8	4.89	1	1	6	5.88	2.26	4.08	1.93	5.5	4.34	3.74	5.85	6.66	7.68	7.05	7.66	8.49	6.72	5.24	7.43	7.56	8.4	5.86	7.95	7.12	8	7.22	1	6.81	7.75	8.51	7.47	6.22	6.6	6.64	7.89	7.3	7.33	5.33	6.78	5.88	6.29	8.52	5.48	1	7.14	5.89	6.56	6.44	8.14	6.25	5.3	6.92	6.59	8.35	8.51	5.9	6.57	7.74	3.5	8.94	6.32	6.71	6.79	7.3	6.97	7.8	7.39	7.69	6.65	8.34	6.77	6.54	6.82	7.82	7.53	7.28	7.84	9.2	7.87	8.31	9.01	8.27	8.99	10.69	10.59	6.77	6.69	8.23	8.94	6.52	6.89	6.46	8.06	6.82	6.43	7.59	6.14	6.41	7.85	5.87	7.37	7.14	7.46	5.92	7.06	7.2	7.56	7.7	7.34	7.51	7.3	7.05	8.56	9.38	8.37	7.67	6.27	8.68	8.07	0.77	8.6	7	6.53	6.96	7.99	7.1	5.74	7.92	8.21	8.04	6.97	6.65	7.78	7.15	7.54	8.24	7.14	8.25	6.64	8.49	6.65	5.62	5.88	6.11	6.15	6.09	6.65	6.96	6.51	5.89	6.34	7.58	8.27	7.99	9.06	6.26	5.12	7.06	9.4	4.65	6.87
41402_at	3.38	1	5.71	3.92	1.77	5.07	3.12	0.93	3.35	3.41	1.89	4	1	5.61	3.68	3.43	3.62	4.88	5.64	3.92	1	1	5.13	4.85	5.25	5.58	5.22	4.59	6.55	5.03	6.17	7.25	7.32	7.09	7.29	5.68	8.04	8.95	5.89	6.58	7.62	5.95	3.68	5.69	6.5	6.24	1.89	8.08	3.15	4.81	5.78	9.14	9.22	9.36	8.72	7.06	9.71	6.97	7.9	7.52	8.06	5.72	8.91	4.31	7.06	6.41	8.81	7.58	2.94	7.33	6.7	8.15	7.54	5.13	7.43	8.6	3.49	5.67	6.76	7.97	6.66	6.17	8.51	5.58	7.94	7	7.86	5.52	7.27	6.18	7.79	7.96	8.63	6.32	7.56	7.3	7.29	6.71	7.82	6.55	5.96	6.45	6.31	7.02	6.79	7.2	4.47	6.27	7.79	7.86	6.65	7.38	6.99	5.65	8.28	7.04	6.36	6.76	7.71	6.37	1	6.7	6.22	8.21	7	5.71	6.5	6	8.08	7.81	5.86	5.51	6.91	7.05	6.37	8.1	6.42	6.69	8.75	6.91	6.57	9.08	8.52	4.68	5.93	3.58	4.74	7.44	7.41	7.75	8.12	8.82	4.17	8.18	6.55	8.57	7.89	6.13	6.99	5.74	8.33	8.1	6.22	6.81	5.83	5.8	7.01	5.9	7.62	6.82	8.09	6.44	7.67	7.59	6.51	8.82	6.47	8.03	7.93	7.19	7.25
35367_at	8.42	9.13	7.63	9.76	7.24	10.02	8.65	8.41	8.72	9.36	8.07	9.09	9.44	8.88	6.87	8.8	9.36	9.08	8.93	7.32	9.68	9.04	9.54	9.72	7.73	6.89	8.49	10.21	9.34	8	6.7	10.48	10.87	10.02	10.41	10.68	10.16	10.66	10.53	10.29	9.14	9.88	9.98	11.81	10.46	9.4	9.64	9.87	10.24	10.75	10.45	10.27	9.96	9.37	9.72	10.27	10.23	10.51	10.33	10.3	10.28	10.64	9.5	9.59	10.52	10.73	10.45	10.59	11.05	10.84	10.85	10.82	10.41	11.27	10.85	10.33	10.78	11.24	9	10.96	10.17	10.52	9.92	10.05	10.56	10.58	10.11	10.94	9.32	10.36	9.75	9.6	9.24	9.73	9.98	10.18	10.05	10.64	9.91	10	10.4	10.5	10.13	11.54	11.08	10.42	9.46	10.4	11.11	10.46	10.31	9.51	10.79	10.45	11.12	10.02	9.78	10.73	11.38	10.67	9.98	11.82	11.01	10.67	10.44	10.72	9.9	9.67	6.94	8.71	10.4	9.92	9.98	10.02	11.2	10.3	11.85	11.73	9.53	10.44	10.73	10.22	9.54	9.35	10.2	9.43	9.93	10.45	10.49	10.66	11.03	6.89	9.94	10.92	10.32	10.48	10.28	10.68	10.72	11.26	10.52	9.69	10.47	11.74	10.82	10.01	11.16	9.49	11.12	10.61	9.65	10	9.66	10.3	10.27	8.3	9.28	9.52	10.28	10.57	10.69
998_s_at	4.45	1	4.65	3.68	3.49	4.03	4.5	1.26	4.04	4.58	5.57	5.38	3.05	1	4.65	6.5	4.81	5.27	1	1	1	1	5.47	5	4.69	1	4.19	4.27	1	1	1	4.79	6.29	6.97	5.47	6.01	6.53	7.16	5.96	6.94	6.1	5.25	5.24	6.45	5.69	5.72	2.77	5.18	5.96	5.02	5.21	5	5.41	4.47	5.66	3.61	5.05	4.83	5.42	6.09	4.78	4.73	6.32	5.78	6.31	5.73	5.35	6	5.42	5.94	4.52	5.26	5.75	5.38	5.91	5.38	6.26	7.12	6.16	6.24	5.71	5.17	6.11	5.58	6.72	5.21	4.55	5.95	4.82	5.62	5.79	4.9	6.1	6.29	5.27	4.55	5.17	6.26	4.76	6.44	5.04	4.95	4.91	6.46	5.97	5.43	6.33	4.93	5.71	5.84	6.46	5.26	6.38	5.87	5.07	5.58	6.32	1	6.48	5.77	6.67	5.79	6.34	6.48	5.45	6	5.55	4.8	5.12	5.82	5.58	5.64	5.5	6.19	5.26	4.59	5.55	2.7	5.92	6.21	6.11	5.72	6.33	5.68	6.26	5.82	5.75	5.36	5.83	6.01	4.97	6.41	5.69	5.5	4.29	4.15	5.05	5.88	5.84	5.77	5.94	6.21	5.37	6.17	5.46	6.33	4.01	2.66	5.53	5.89	6.07	4.74	5.57	4.66	6.03	5.96	5.64	6.65	4.9	5.77	5.24
