patient	GSM71671	GSM71672	GSM71673	GSM71674	GSM71675	GSM71676	GSM71677	GSM71678	GSM71679	GSM71680	GSM71681	GSM71682	GSM71683	GSM71684	GSM71685	GSM71686	GSM71687	GSM71688	GSM71689	GSM71690	GSM71691	GSM71692	GSM71693	GSM71694	GSM71695	GSM71696	GSM71697	GSM71698	GSM71699	GSM71700	GSM71701	GSM71702	GSM71703	GSM71704	GSM71705	GSM71706	GSM71707	GSM71708	GSM71709	GSM71710	GSM71711	GSM71712	GSM71713	GSM71714	GSM71715	GSM71716	GSM71717	GSM71718	GSM71719	GSM71720	GSM71721	GSM71722	GSM71723	GSM71724	GSM71725	GSM71726	GSM71727	GSM71728	GSM71729	GSM71730	GSM71731	GSM71732	GSM71733	GSM71734	GSM71735	GSM71736	GSM71737	GSM71738	GSM71739	GSM71740
	0	0	0	0	0	0	0	0	0	0	0	0	0	0	0	0	0	0	0	0	0	0	0	0	0	1	1	1	1	1	1	1	1	1	1	1	1	1	1	1	1	1	1	1	1	1	1	1	1	1	1	1	1	1	1	1	1	1	1	1	1	1	1	1	1	1	1	1	1	1
216973_s_at	556.6	199.1	379.6	599.2	476.6	509.3	285.3	893.9	816.5	557.6	306.3	902.7	141.8	927.4	219.7	1040.8	978.9	133.4	88.3	89.6	223.5	287.5	29.9	330.7	173.9	2062.6	1620.8	1493.3	1361.3	1620	1732.4	1897.5	1558.4	1988.7	1526.3	1647.3	1648.8	1894.8	333.6	2119.3	1767.6	1532	1037.5	2111.7	2273.1	2466.9	2661.1	1794.2	1888.7	1451.2	1487.4	2049	1766.5	1915.1	1290.8	1186.2	1113.6	1710	2306.3	708.9	1841.4	1690.7	1698.7	1782.3	2504.2	1983.5	2231.1	1987.7	1499.1	1562.2
200644_at	1183.9	1651.4	1881.5	1050.4	1168.9	807.5	1273.2	2514.2	4887	3241.9	822	4421.9	3392.6	5243.7	2082.9	2971.8	3437.9	3528.6	1919.7	2515.5	1946.2	1721.9	2776.9	800	4216.3	8939.8	6984.5	8815.8	7906.1	7239.7	7518.6	5537.2	9728.8	8377.8	7079	8360.5	5962.9	6705.6	1272	7232.7	6294.8	8850.2	7168.3	6464.9	6266.1	6066.6	7246.3	9913.8	8551.7	9079.3	10014.2	8353.9	7005	7182.3	8502.1	5545	7031.6	4989.5	3216.1	3361.4	7248.8	7053.7	7918.2	8672	7556.7	7577.4	5947	7675.2	5513.8	7958
208308_s_at	1463.3	601.5	808.9	1340.4	1061.7	2503.1	1887.5	2875.1	3094.3	3778.1	2238.2	1977.8	3151.7	3231.9	2321	3505.7	3987.6	3397.5	1147.3	3011.7	1931.5	638.3	2597	382.6	1694.3	12878.7	15192.3	15980.9	17281.8	16372.2	9492.9	14605.7	16642.5	17270.8	15365.2	13217.7	13470.5	10354.9	3741.2	9366.5	14585.7	5659.2	9994.6	11791.5	9325.9	12987.4	13301.7	12003.3	9689.4	15423.3	11305.4	12641.4	12412.4	13064.5	5909.2	3326	5689.7	6227.2	4135.7	2948.8	12281.7	12338.9	16386.7	12101.1	9648.3	10066.2	10975	14349.2	9979.6	13018.9
217736_s_at	1862.5	1412.1	1577.6	1898.2	1287.5	2664.8	1610.5	2651.6	2310.3	2408	3131.8	2994.2	2680.3	3361.2	3190.1	2996.2	2320.7	3705	1467.5	2262	2125.5	1278.4	3086.4	1131.1	2417.2	5579.1	4462.3	3793.2	5017.1	4818.4	5579.1	5718.2	5107.7	4872.6	5458.8	4957	5375.8	4901.7	3072.8	4893.5	4744.8	3867.7	5889.7	4237	5230.2	4548.9	4898.1	4272.9	3839.5	3868	4280.2	4283.5	4367.4	5021	4314.6	3952	3387.9	2734.5	3801.6	3513.7	4238.8	4468.1	4379.9	5515.3	4864.2	5799.1	6283.2	5459.9	4169.1	4781.6
221759_at	206	51.6	118.1	27.9	30.5	138.1	58.7	520.9	469.6	404.3	176.4	445	408.5	698.6	137.7	505	592	506	213	258.8	177.8	58.9	46	29.3	58.6	1443	1346.7	788	1222.2	1260.7	679	1521.2	1384.1	1261.4	1352.5	1150.9	1180.7	1256.6	691.8	1365.3	945	1428.7	2556.3	2151.1	1370.7	1581.7	1454.4	1167	1084.5	1151.1	935.5	1584.7	1084.1	1190.3	1670.8	1390.6	1005.2	1338.7	557.6	873.6	1221.1	1365.9	1548.2	1442.4	1186.9	1306.4	1681.3	1356.3	1235.7	948.5
213399_x_at	5171.2	4011.1	3876.8	4110.3	4738.8	4109.5	4976	6074.5	7022.7	7990.8	5647.3	5842.3	6384.3	8621.7	7070.2	5661.1	7323	5816.8	6120.7	5196.8	5332.6	5241.9	3517.9	4083.3	4420.2	10694.3	11331.4	8060.4	10149.1	11387.1	7969.6	10878.1	10285.9	10941.1	10599.7	11132.4	9934.5	11763.8	8478.4	11326.1	11162.2	8686.2	7312.2	9540.8	8073	9859.5	9419.1	10239.1	8873.4	10497.9	9847.2	9347	10265.9	9674.5	6562.2	9351.3	11528	12298.7	9110.5	7586.1	9039.4	9080.3	10882.9	7666.1	8514.2	6841.3	8575.9	11144.9	8333.2	10145.9
200065_s_at	3593.1	1976.4	2680.7	2949.3	1791.9	5220.8	3735.8	5634.9	5508	7209.8	5380.5	6721.3	5741.9	5010.4	5264.4	6874	7331.6	7479.4	2647.8	5695.3	4179.1	1972.4	4957.1	1698.7	5155.2	9913.2	7734.1	8920.5	9982.7	7532.4	8103.3	8790.1	9782.1	7830.1	8239.3	8697.3	10093.1	8901.9	6878.1	9139.7	7655.7	6330.1	10337.2	9615.4	7730.8	11049.5	11929.8	11037.1	9380.1	11162.3	10102.8	10014.7	10269.3	10438.8	11961.7	6467.1	9671.2	12362.2	8078.4	8107.7	11317	12037	10819.9	9978.3	10381.8	8804.2	9847.1	9896.2	9311.7	8890.8
200972_at	2724.8	2244.1	1688.1	3233.8	4268	3211.6	2803.7	2835.2	4039.3	4386.7	3228.2	2810	2134.3	3068	2696.2	3471.4	2857.3	2613.3	3376	2901.8	2959.8	3162.6	2592	2819	3022.2	9420.6	11017.8	9217.5	8035.3	10197.7	9263.4	9297.4	10123.6	10180.8	8908.8	8942.8	8059.3	8185.7	3563.3	10093.6	10129.2	7012.7	4569.3	11253.3	8016	8972.1	8315.2	10744.6	9642	8763.4	8310.8	10160.4	9737.9	8574.9	2343.9	7096	4596.9	4902.7	3509.3	3739.4	8640.3	8558.2	10745.1	8869.8	10196.2	8644.5	10863.9	10321.3	9492.5	10796.6
201954_at	1617.4	1003.7	1762.6	2470	1519.5	2050.3	2728	3281	3551.1	7053.7	1902	2760.3	2727	6114.1	4230.6	2301.8	4028.8	2067.8	3784.9	2356.2	5754.1	1955	2384.5	1223.2	3252.9	31967.8	30256	27912.5	34232.8	29389.5	30116	29131.9	31281.6	29974.4	32526.3	36364.7	30894.1	36758.4	9088.8	29727.1	23755.5	9671.2	5718.5	21146.7	28810.4	20139.5	25203	24955	19287.6	25900.7	25298.9	25592.3	27192.7	21219.6	6656.2	14332	8933.1	7981.4	8884.4	7022.7	24676.4	25748.7	28964	30635.3	24103.9	36446.1	30028.2	36009.6	22719.3	35660.8
209123_at	1693.9	1949	1462.3	2091.6	1747.4	1309.9	1384.4	2738.5	1218.7	1097.8	823	1920.4	1155.5	2252.2	988.4	2034.6	1063.5	1287.3	1651.3	1071.9	1612.2	1450.9	1368.6	1185.6	1027.6	4485.9	5187.7	4258.5	5081.2	5201.5	4423.3	4416.1	4685.8	5255.9	4084.3	4518.5	4645.6	3499.6	946.3	4636	5562.6	3250.1	6794.2	5786.5	4804.7	5784.9	5265	4552.5	6197.7	4958.4	4072.9	4530.7	4845.3	5665	1519.9	4846.3	3080.6	7200.9	5766.1	2127.5	5118.6	4148.2	5230	3479.9	5046.8	2893.9	3902.3	5013.9	4274.8	5146
212739_s_at	865	766.7	737	960	700.5	973.7	797.3	1367.1	1802.1	1274.1	752.1	1282.4	860.8	1379.8	723	1502.4	1493.7	1123.7	488.6	994.6	1369.9	591.8	909.5	447.5	1069.7	3003.8	2852.2	2735.5	2883.1	2757.7	2181.5	2560.6	2470.6	3415.5	3238.4	3670.7	3351.5	3431.9	1114	2227	2931.8	1998.6	2721.6	2930	2843.9	2721	3720.6	2464.8	2390.8	3110.8	2682.7	3284.7	3253.8	2042.1	2644.8	2436.1	1901.8	2213.6	1353.6	1415.5	2783.3	2610.8	4196.9	2614.3	2442.7	3288.9	3267.2	3317	2523.6	3354.1
200839_s_at	3565.2	3847.5	16731.5	3850.9	3950.8	5633.3	9203.4	11995.1	10150.6	16048	5422.8	6181.1	5994.1	11616.1	5457.1	5542	5706.2	5365.5	3492.8	3816.7	3672.4	4554.8	3637.1	2479.9	3123	29844	44555.7	41821.7	42898	39007	44999.7	41634.9	37341.6	33924.2	31580.7	40825	34517.9	28352.9	32296.1	26368.3	30658.2	26617	26957.8	27266.9	25604.7	22099.4	26689.9	24158.5	16745.8	29997	26272.6	26096.6	28364.3	26616	8673.4	16410.4	21883.4	8999.7	11333.8	13804	26446.4	30611	32870.5	35474.8	22195.1	29367.1	26583.1	33850.2	25234	35609.2
200822_x_at	5543.9	4084.3	4030.5	5579.5	3911.8	7415	7801.8	5911.4	5522.4	4345.8	4284.1	5375.1	8787.9	7365.4	5918.4	5598.2	7126.4	5901.5	5355.8	6110	4400.1	3047.1	7080.1	1556.9	4591.9	11679.8	11976.3	11416.7	11143.8	10911.2	9894.2	10621	12169.2	13847.1	10615.1	10007.3	12734.9	8298.2	7184.5	9926	12623.3	10236.1	13838.7	12578.6	9653.3	12024	11496	11011.4	10199.6	13097.3	10556.7	11329.2	10828.5	11457.5	14663.8	10283.3	8412.7	7823.8	6383.6	6158.9	11571.8	11946.1	12197.9	11617.2	9226.9	9808.8	9769	13267.2	11857.7	10946.9
36994_at	3124.6	3358.7	3860.8	2370.5	2587.2	5461	5167.8	7506.3	5830.9	4921.9	5946.2	6178.4	6355.5	8153.3	4149	6454	6251.2	8078.5	2640.7	5494.6	4229.5	1604.4	5831.2	2556.9	4952.2	10877.7	11643.5	9254.3	11518.3	11641.1	9537	12557.9	12374.6	13440.9	11749.4	12494.8	11992.7	12471.1	9115.5	10224.6	11882.5	9455.9	13276.7	11072.8	9353	10280.8	10298.1	9532.4	8489.5	10931.1	8125.8	10391.3	11136.3	9688.2	8725.9	7447.2	8142.5	8189.3	6469.2	6495.9	10542.4	10174.2	12160.4	11706.9	9102.3	10252.7	10296	12060.4	8238.2	9088.3
201765_s_at	997.6	923.2	1191	782.6	1028.1	1322.2	938.2	1550.4	1674.5	1771.7	938.1	1404.7	940	1643	1175	1716.4	1902.6	1422.3	1229.7	1560.6	1571.8	992.2	1180.9	328.6	1664.6	5123.5	7534.1	4914.2	6139.3	7399.6	4424.7	6335	5776.5	6220.2	5917.6	6686	5548.4	6353.7	1565.3	4606.4	5908.9	2472.3	3490.7	6376.5	4068.1	5720.8	6057.6	4059	4854.9	6254.8	4309.8	5832.9	6127.5	5917.1	2845.9	3325.8	2044.9	2939.4	2890.9	2189.3	6896.3	4541.8	6994.7	5251.4	5537.5	4791.5	4831.2	5705.4	4594.2	5475.2
209186_at	1678.8	1418.8	1572.1	1347.7	1701.4	2496.9	2190.1	3193.3	3482.1	3192.3	2245	3054.1	3002.4	2480.6	2038.7	2619.5	2552.1	2492.3	1955.6	3403.4	1582.3	1301.8	2850	1441	1762.7	4375.2	3834.8	3292.7	4014.3	3721.8	5029.5	3998.7	4758.8	5141.9	4133.1	4707.4	6057.8	5228.6	3431.1	5558.3	5473.5	5717.6	4117.3	5030.8	4324.3	5596.1	5217.1	4073.4	4324	3666.4	4573	4371.7	4536.8	4677.3	5011.7	4221.2	4966.2	3238.3	5104.9	3432.7	4473.1	4824.7	4341.4	4445.3	5238.7	4854.4	5685	4240.2	4013.1	3244.7
201004_at	2896.4	1455.5	2197.4	2507.9	1662.8	4953.1	4543.7	3679.2	4708.3	8368.8	5409.3	3833.7	5241	4585.2	5637.9	4217.7	5348.3	3461.7	3153.4	3893.6	4581.3	1186.9	4377.4	1069	4200.9	8192.8	8800.8	7769.9	10470.4	8304.6	7375	8927.1	9293.4	10054.6	10640.9	11837.3	9602.5	10736.1	5203	8917.8	9295.7	7060.8	8041.6	8419.5	7249.2	8534.2	10545.5	8510.6	6879.2	9116.3	9254.4	8480.5	9215.6	7212.6	7206.3	12285.7	13712.6	11340.7	7808.1	9057	8569.2	7224.5	9635	10448.1	7883.7	11067.3	9220.6	11338	7856.8	9907.8
200825_s_at	1332.7	1306.8	1582.9	1366.1	1435.7	1802.1	3083.4	2007.7	1622	1941.9	1441.2	1069.2	1647.2	2756.9	2431.8	1481.5	1933.2	1808.6	1310.2	1051.8	1344.3	1123	1051	1139.5	1360.1	4801.7	3377.5	3813.8	4291.4	3809.3	3734.3	5038.2	4019.3	3682.3	3812.2	4461.1	3997.9	4240.6	2407.2	4256.1	3993.1	3420.1	1787.7	3650.3	3785.2	3315.2	3070.7	3924.3	3228	3518.4	3976.7	3242.3	3245.9	4088.1	2744.4	2999.6	4872.6	4196.9	4150.1	3211	3993.9	4396.6	3240.1	3335.7	3434.6	4068	3746.3	3365.4	2977.6	2255.1
200660_at	3598	1945.7	1505.6	3392.2	1168.5	7894.5	9857.4	7343.7	6978.4	5145.9	6283.8	3369.6	9489.4	5649.5	8274.6	3937.5	6230.6	4819.1	2447.7	5068	3670.8	1731.6	8814.2	1393.8	2646.1	17936.8	14121	12941.9	14728.8	12669.8	16894	17178.8	14956.4	14659.1	19142.2	17848.8	16566.8	17678.3	13221.4	14530.5	17664.6	8441.1	8273.4	13212.9	15634.5	14550.5	17344	13854.8	10912	12629.7	15081.4	13449.5	12706.4	14768.9	8968.2	7191.1	12594.4	8780.6	14964.9	8839.6	14590	16760.7	15948	19091.7	12639	20816.7	15610	17470.6	15220.9	13562.2
200967_at	1497.7	1189.9	2160.3	935	689.4	1466.6	1960.7	2558.2	2586.9	3175.4	3058.1	2559.1	2712.1	2960.7	2878.3	2244.8	3324.6	2592.9	1304.9	3017.8	2274.1	467.9	3173.5	243.7	2606.6	6011.2	6049.9	3892.6	5610	5413	3889	5610.6	5527.4	5775.1	6491.2	7898.7	5995.3	8666.4	4070.1	6864.3	6763.3	6188.9	2644.1	5226.5	7204.9	7735.7	8234.9	6805	7130.8	7847	5849.8	6211.7	7843	4723.7	3713.3	4048.4	5918.1	4362	6540.2	5037.9	8027.7	6355.3	7003.7	6153.7	6738.1	6303.4	6863.8	6400.9	5253.4	5614.3
200736_s_at	2257.3	1071.3	2527.9	2456.9	1314.9	2636.8	2915.8	2507.8	2286.8	5052.1	1804.9	2209.8	2834.4	4104.1	3213.3	2425.3	3367.9	2669.4	1158.3	2273.8	3683.5	1250.3	2624.3	799.9	2589.6	7304.8	9576.1	7189.4	8399.3	7158.1	6104.3	7732.8	5882.2	6359.6	8990.2	6741.9	6639.6	6994.7	10184.1	6422.1	8114.1	7801.8	10035.1	9311.8	5432.9	6318.6	7192.3	8845.4	7534.6	9828.1	6999.7	8164.9	7545	8889.1	2134.6	5745.9	6561.9	4025.2	4023.9	4109	7850.4	7967.7	8216.2	7313.7	6359.9	7688.1	6092.3	7943.8	6513.1	7403
222212_s_at	1017.2	1051.1	1102.6	877.9	965.7	1138	1140.2	1486.4	1968.5	1623.5	1170.6	2087	837.6	1674.7	896	2294.7	1582.3	1164.1	593.8	929.4	794.5	671.9	696.3	494.1	1162.5	3755.9	2874.9	4081	3589.2	3769.6	3714.6	4008.2	4180.5	3842.3	3635.7	3821.7	4296.4	3036.5	1834.9	3820	3849.5	2185.8	2817	3303.4	2387.1	3649.6	4044.6	4795.6	3664.7	3988.5	4666.3	4551.3	3642	4545.1	3168.9	1675.7	2612.9	4657.1	3067.9	1875.6	3817.9	4372.8	4112.1	4530.5	3472.8	4094.3	3484.8	3685.3	3208.6	2944.4
208002_s_at	453.4	412.1	466.4	542.8	315.7	820.4	668.3	1236.8	1340.5	552.8	784.9	936.7	1145.4	1087.4	687.4	746.3	1061.6	879.9	767.4	1038.6	1117.3	779.9	900.6	627.1	1087.1	3705.1	3261.9	2695.2	3142.4	3258.9	2684.8	3029.1	3545.4	3160.2	3238	2735.7	2512.4	2766.5	929.4	2252.1	3630	2675.8	2699.2	3474.3	2198.8	3258.4	2638.2	4283.5	3089.2	3874.2	3169.6	3306.9	3473.5	3940.1	2030.5	1887.3	2052.6	1933.3	2701.4	1343.3	4337.8	3331.1	3984.8	3600.7	2848.8	2867.5	3195.7	3757.1	2929	3954.9
201251_at	2226.1	701.4	691.9	2277.4	1365.6	5294.6	2989.6	7587.7	7106.1	3370.5	5328.9	4692.1	4958	6554.1	4998.6	5500.1	3786.4	5109	1696.7	6318.4	3673.8	161.5	4367.6	241.1	4228.2	30516.1	25407.6	27816	33156.9	24387.5	21045.3	31172.4	35072.9	30574.2	30090.6	23317	29871.9	19175.6	10143.6	20888.1	25209.4	14440.4	9721.7	23764.6	21307.8	23660.6	23326.4	26139.8	19977.9	27937.4	25519.8	26812.5	25793.3	23964.7	15176.8	12589	13720.8	8187.5	15128.1	8897.9	25169.4	26639.6	29031	27549.8	18647.7	21016	19615.7	30369.5	22935.9	27901.8
200838_at	1118.7	683	2549.6	971.5	598.3	2131	1902	4490.1	3698.3	7093.7	1898.4	4085.3	2713.7	4671	2355.5	2145.7	2943.7	2718.9	1069.9	1948.6	2193.7	880.2	2930.9	541.2	1661.3	19225.4	20961.1	25467.5	25426.4	22189.4	21147.4	22673.4	23157.4	17590.1	21904.3	17274.2	17419.5	10331.9	18170.2	13769	18741.3	15338.9	12951.1	20069.6	15909.7	17228.7	20516.3	23834.4	16549.4	26591.6	19685.7	21790	20357	23160.3	5764.4	10447.7	15481.5	5688.5	9352.4	11485.4	23280.6	21042.6	22057.1	20906.9	15595.5	15428.4	16227.1	22456.3	18689.4	24583.9
202185_at	1237.3	733.5	1335	1030.1	1372	1541.7	1346.9	2562.1	2692	1543.4	1451.4	1942.3	1843.8	2913.4	1284	2245.3	2824.3	2462.3	1288.2	2241.5	2082.7	822.2	1430.5	765	2797.2	9841	7617.9	9312.7	12096.6	10154.6	6242.8	10235.3	10039.8	9737.1	7708	9182.9	7390.2	8224.3	2131.3	8685	9221.3	5494.5	7998.2	7065.8	6693.5	7418	8493.2	11176	6526.1	9572.4	10811.3	9788.2	7833.6	7628.9	5208.7	8391.8	5995.9	8802.2	8243.7	3175.2	8792.2	8793.5	8912.1	9792.7	6882.5	10016.8	7443.4	10147.6	7435.3	9777.5
200965_s_at	5218.7	4303.3	5992.2	4445.7	4231.8	6517.9	5092.1	4669.9	5318	3109.9	6581.1	5008.3	6902.7	4428.6	4974.6	6031.5	5340.2	5412.2	4685.5	4980.9	6028.1	5110.6	7256.7	6613.8	3623.1	400.5	303.2	460.8	187.6	305.5	449.2	289.1	260	464.7	325.3	246.3	285.4	294.1	1492.2	302.5	168.1	286.1	339.6	316.8	604.2	258.2	351.1	222.9	170.4	240.4	452.3	195.1	262.7	371.3	180.9	859.7	1919.9	422.8	3091.8	3014.3	289.7	353.2	256.4	283.4	249.1	298.3	291	267	2205	145.2
201425_at	5178.7	3760.7	2837.2	7739.8	7730.7	6012.7	4259.5	6682.7	4561	4472.4	7772.5	4036.3	7616.9	3630.8	6241.2	3223.7	4386	6782.1	5300.9	6448.2	1722.1	3519.4	7541.9	4054.1	2586.2	382.2	334.2	406.3	331	332.7	388.2	290.6	304.5	267.7	414.7	222.3	311.2	204.1	2743.1	275.3	183	507.3	483.8	309.6	1126.5	157.6	242.9	281.9	258.9	357.2	345.3	361.7	280.3	359	347.8	1515.2	2315.8	496.2	1728.7	3733.2	274.2	321.7	400.6	413.5	280.8	379.9	275.9	228.6	2052.6	182.9
204734_at	8057.6	18452	6071.5	9569.2	5696.1	7075	12668.7	7478.1	13611.4	811.2	11639	13716.1	24536.7	13337.6	12553.7	9671	16329.9	17383.4	5864.4	14221.7	10578.6	8431.7	20110.7	6855.1	10626.3	11.5	84.6	42.3	19.7	12.9	26	14.2	19.6	13.2	18.5	16.1	14.3	21.2	4252.4	12.7	51.1	27.8	24.1	18	568.1	15.6	11.8	11.4	10.9	26.5	11	7.2	17.5	14.1	40.3	9.7	3183	96.1	784.1	6876.3	10.4	9.7	33.3	24.5	20.7	27	13.3	24.4	2110.9	15.2
203074_at	5848.7	10801	5148.4	5422.1	5974.8	11151.7	11859.8	12580	11248	744.8	18332.4	10148.9	16797.3	6605.4	17673	6723.8	12932.5	13912.3	7968.1	10255.2	8620	14416.3	14487.1	16478.1	8345.7	1106.6	472.7	206	149.9	542.2	475.3	365.4	498.5	583.3	747.8	428.3	554.3	580.7	1780.6	742.8	412.2	491.3	845.3	474.8	2618.4	513.8	570.9	373.6	415.4	525.3	558	319.6	459.7	431.6	506.5	384.1	3715.8	450.2	5628.5	5191.1	381.2	421.6	449.7	534.7	414.4	565.2	687.7	632.5	5736.8	587.8
203961_at	2390	2612.8	1424.8	2743.9	2150.9	1962.4	2719.5	1154.1	1410.4	193.3	2743.2	931.5	2150.8	810.2	1817.3	1151.1	1807.7	1914	1435.7	1498.8	982.7	1521.2	2022.1	3195.9	1197.6	56.3	117.4	20.4	94.5	105.6	187.5	90.6	167.8	167.2	87	44.4	11.7	107.3	261.5	98.9	48.2	112.6	23.3	127.2	211.8	152.5	60.6	35.1	94.6	83.9	51.4	6.8	123	68.9	96.6	61.7	492.6	80.5	339.6	1148.9	68.8	29.1	37.9	77.9	115.7	33	33.5	55	478.4	85.9
202597_at	1974.3	3295.1	2925.1	2383.6	3263.8	3912.9	3553.4	2420.8	2079.3	457.4	3904.2	2327.1	3809.7	1884.7	4865.4	2111.1	2508.2	2846.9	1947.2	2615.8	1233.3	3076.3	3573.7	4175.8	1811.3	657.4	463.5	343.8	486.1	349.3	374.4	494.2	495.3	470.9	382.4	363.6	384.2	403.6	1178.6	428.7	307.5	330.9	57.7	310.2	872.4	217.2	258.6	235.7	342.6	396.1	351.8	290.6	405.4	327.2	288.7	417.7	885.9	272.4	1023.6	1964.3	337.5	227.9	358.3	410.4	313.6	432.8	430.7	484.6	1624.9	305.7
210715_s_at	2275.6	3038.4	2140.4	1918	1778.5	2721.5	3218.6	1707.8	1583	568.8	2676.2	1547.9	2518.9	1393.9	2852.7	839.1	1881.6	2401.8	2068.8	2125.1	1528.7	2475	2585.3	3642.8	1378.7	340.7	87.1	481.4	122.7	208.1	274.8	276.9	203.4	83.9	69.8	47.1	185.5	170.7	983.7	49.4	37.5	320.8	323.7	82.9	595.2	139.2	23.9	104.5	111	92.6	272.9	157.6	126	233.7	60.2	315	987.5	173.3	1499.5	1732.2	68.2	174.1	65.5	106.4	66.7	139.4	114.3	146	1146.3	140.7
208635_x_at	22746.1	32840.7	31594.9	32197.3	20683.6	24082.1	21461.9	27207	33652	20646.2	32117.2	35129.5	41602	30732.2	22192.3	27220.2	39665.6	30588.7	41314.6	35259.3	40544.9	45314.3	37960.1	39008.3	37035.5	14710.6	16412.1	18630.3	15528.6	16878	20802.4	16149.4	15715.5	14749	13498.5	14665.9	15466.1	11963.7	14360.7	15933.5	16932.7	17235.8	14478.8	14551.7	14374.9	15130.5	15600.9	14562.8	13802.5	14095.5	15071.7	14464.4	14183.1	16024.4	34587.5	14635.7	15097.9	12891.6	17530.4	20032.6	14632.3	13929	14455.6	14759.9	13506.6	14735.8	17658.1	15719.3	17394.5	18123
200636_s_at	3334.2	4036.7	2052.7	3182.4	3535.6	4779.4	4809.7	1923.6	2219.5	1757.2	3235.7	1536.4	4059.2	1889.1	4427.9	1787.9	2445.6	2624.9	3499.9	2748.4	2951	4578.1	3967.5	3784.4	2065.6	708.1	193.7	978.8	1164.3	264.5	549	154.1	657.5	378.3	406.2	438.6	245.6	231.3	986.6	95.1	244.5	112.4	449.9	360.9	930.4	322.1	300.5	955.7	278.5	1082.2	510.9	691.3	388.4	472.4	346.1	55.5	1366.9	229.4	2070	2669.2	334.3	900.8	450.6	665.6	494	250.6	305.8	478.7	1809.2	762.1
210774_s_at	5478	7194.6	5847.2	5103.9	5625.3	5926.2	5380.5	4998.1	6202.2	3528.3	6062.9	4931.7	5316.9	4325.2	6518.3	6102	4512.7	6448.6	7797.5	4193.1	3665.3	6207.9	5610.2	5933.8	3737.8	2266.4	2619	3257	2903.7	2762.3	3081.1	2360.8	2333.4	2858.7	2069.6	2159.9	1841.7	2014.7	5835.9	2403.6	2515	2367.2	3873.6	3108.5	2465.7	2799.3	3036.2	2803.2	3099.2	2708.8	2230.9	2949.1	2567.7	3060.6	2937.8	3556.4	3587.8	2856.8	3268.1	3275.7	2038.1	2567.5	2247.4	2201.2	2858.5	1890	2416.2	1817.8	2803.2	2321.9
204975_at	3167.5	3216.6	2860.2	3217.3	2800.2	7636.3	4960.4	3637.1	4186.9	1709.7	5654.4	3113.9	5522.7	2183.9	3344.4	1921.9	2409.7	3747.6	5574.1	5442.6	3094.2	3216.9	5656.3	6165.9	2372.6	740.6	547.2	641.2	342	539.1	538.2	352.7	283.8	414.9	633.5	520.1	446.8	641.5	1246.5	627.6	476.3	1488.2	586.3	452.5	1135.7	610.5	400.7	562	593.1	666.8	524.2	632.5	595.2	480.7	933.9	865.6	1736.6	1057	1493.7	2119.9	564.5	766.8	545.3	868.8	721.3	690.4	732.5	420	1595.9	588
200735_x_at	24101.3	32667.4	30798.8	31810.6	21956.3	23160.1	20897.2	23838	27972	16523.6	30949.9	28509.6	35173.8	26515.7	19029.2	24510.1	32930.7	28103.3	40470.9	34116.5	38399.6	46408.2	36627.8	42174.7	33607.2	13064.4	15477.1	18181.7	14397.5	17341.3	19246.7	13723	13434.7	14220.1	11697.5	14868	15524.7	12057.4	12510.2	14858.3	13830.7	16044.2	11136.3	13087.3	14287	13389.9	14104.1	13487.1	11979.7	13160.5	12014.1	13753.1	13288.4	14067.4	31105.8	11762.7	13218.5	11772.3	14820.8	15768.2	13537.1	12473.8	12976.1	14383.4	13371.3	14111	16822.7	14574	14865.2	15830.2
218736_s_at	1714.6	960.2	1130.2	2149.3	1553.3	1553.3	837.1	1842.6	968.2	1291	2180.9	750.4	1037.2	468.1	1220.7	990.1	814.1	822.1	933.1	1448.1	908.5	1177.3	1599.2	826.2	1494.1	83.3	47.9	273	279.9	112.4	164.2	100.8	169.7	25.7	179.1	98.6	34	156.3	545.4	156.4	94.3	182.2	221.9	167.9	196.4	89.8	114.4	93.1	115.8	132.7	129	113.8	84.2	108.9	52.4	145.9	385	133.7	479.1	1020.6	133.6	153.3	128	144.7	168	161	93.4	122.5	298.5	128.9
203407_at	3106.4	4751.5	5633.6	3370.2	3414.9	6814.8	5252.1	5337.7	5061.2	417.4	6968.3	3611.1	5581.4	2377.4	5089	2879.8	1723.9	3654.5	4199.4	5247.2	2400.1	4313.6	4471.9	8592.2	1794.1	203.4	63.7	82.3	31.9	15.8	34	34.3	24.8	67.2	14.8	34	22.5	16.8	648	15.4	61.7	139	60.1	105.1	590.1	50.7	24.4	148.9	72	44.4	16.2	15.2	16.7	76.9	12.3	31.1	1946.6	385	3748.9	2031.3	20.9	82.8	34	22.9	19.8	22.8	12	18.2	2492.2	20.5
60528_at	1691.6	1703.4	2354.8	1806.1	3015.6	2088.3	2440.1	2397.7	2900.1	1180	2799.9	1947.7	3229.4	1751.6	1860.2	2069.8	2204.7	2293.6	1575.1	2581.1	2151.2	1726.5	3085.9	2751.5	2660.1	658	761.6	688.8	639.8	578.8	927.2	772.6	809	923.4	750.8	854.4	823.2	708.5	1317.8	694.8	549.2	869.5	1188.4	600.1	1199.9	728.9	726.8	644	601.5	680.4	651.8	785	758.5	807.3	1204.9	880.2	1412.9	808.5	1925.6	2040.8	672.4	767	591.7	1027	765.2	906.1	731.1	726.5	1245.7	657.7
213050_at	1009	1544.6	1237.9	1302.9	1330.8	1215.3	1280	1271.2	922.7	27.9	1025	554.9	690.3	719.2	877.6	1053.9	978.2	741.4	1211.2	676	1459.8	1867.4	711.7	2170.8	986.8	178.7	36.4	44.1	27.5	32.9	48.6	68.5	67.1	43.1	44.8	34.8	25.2	61.3	101.7	59.9	30.6	40.2	58	38.9	57.7	59.1	57.3	29.5	38.6	37.9	32.9	38.4	17.6	56.2	72.6	42.7	501.9	64.1	654.2	454	45.3	55.3	32	36.5	40.4	44	57.1	19.7	284.1	36.7
209604_s_at	1850.6	9667.7	6898.8	2648.9	9654.4	11090.6	7588.5	5454.5	8862.7	578.6	17439.6	6553.8	9011.4	4167.1	12363.9	4985.2	4900	5119.7	4269.7	10113.5	7850.1	7080.1	8814.5	15537.7	8743.6	365.6	205.5	191.2	270	217.4	138.3	265.3	60.1	186.6	200.7	209.4	164.5	269.4	2517.2	143	110.4	204.4	377.5	175.7	924.8	253	134.1	117.2	188.1	240.6	267.5	50.9	171.8	164.6	214.7	1006.1	945.5	264.5	341.7	3655.6	186.5	209.8	256.1	243.5	182.1	125.6	67.3	90.4	1045.7	287.4
200632_s_at	5442.1	10340.7	9859.1	7013	8306.4	10278.5	16311.9	7768.2	6264	6432.9	7094.7	7550.9	9132.2	9036	8884.5	10281.9	10205.4	4754.9	14459.7	12511	13394.9	10321.1	8223.3	12324.9	9677.3	4109.6	1855	6979.7	7709.4	1362.3	2689.5	1521.1	3340.9	3170	1649.2	2063	2486.6	2030.9	3301.9	1415.5	3093.4	1975.6	3138.4	1430.1	3243.7	2404	2550.2	3719.1	1312.2	5045.3	3892.6	2439.4	1386.5	1816	4943.9	1036.9	4577.2	4481	7534	4165.4	2386.2	2999.7	1778.6	2609.1	1581.5	2467.6	1143.9	3117.9	5843.9	2748.4
203962_s_at	1484.6	946.4	740.1	1689.6	1233.4	1682.3	760.8	1424.1	931.3	111.5	2291.2	850.8	1662.2	492.5	940.3	1208.5	707.8	1689.5	859.4	1348.3	982.7	1086	1754.3	1632.2	778.4	118.7	92.8	82.6	175	96.1	96.7	114.8	140.7	131.5	40.9	116.5	26.9	96.5	217	99.7	91.5	14.9	194.3	115.1	159.4	93.8	89.2	75.8	60.1	49.2	79	78.1	142.3	125	84.8	84.5	322.7	44.6	283.1	643.1	78.9	67.7	74.5	47.5	91.3	147.3	144.4	119.7	487	88.8
213227_at	1285.8	1858.8	1112.1	1685.1	1641.9	1485.6	938.6	1010.8	1105	571	1250.9	1314.3	1202.5	886	834.7	1734.5	1140.9	1109	1798.8	1335.2	1025.4	1882.8	1151.1	2267.2	1160.7	295.3	263.9	379.5	651.2	311.3	579.1	330.4	240	462.5	340.9	365.5	341.3	321.1	380.3	464	367.8	655.2	423.5	488	268.4	268.9	160.7	491.8	520.9	494	300.3	449.8	335.6	289.8	321.5	362.6	520	872.3	295.6	697.7	282.4	368.5	423.6	279.5	435.5	329.1	397.9	380.3	570	486
209351_at	49901.5	103474.7	48124.3	47900.2	59447.2	69766.9	83615.7	44551.3	49891.3	3382.7	59880.3	37658.6	61335.4	43977	54818.2	27333.1	47099	33644.8	59856.4	49360.5	47717.9	99058.3	47795.7	124787	47648.7	22426.6	92.8	119.2	45.2	164.7	105.7	207.2	196.1	25.9	229.9	171.4	13.3	25.3	14704.2	329.2	26.7	363.2	106.1	390.6	32441.3	300.9	197.2	40.1	147.5	212.1	249.6	28.1	210	162.1	49.1	11.6	28409.3	483.8	41208.6	31211.8	366.2	28.1	28.2	17.8	81	162.3	310.7	117.3	38265.1	26
212992_at	3026.6	4542.7	4647.8	2679.8	3488.2	8379.9	6444.5	6000.8	6058.2	539.2	8571.9	3887.8	5402.5	4318.3	7012.2	6037.7	4986.4	3887.8	4784.2	4887.5	8226.4	3768.1	5542.2	7669.7	7661	2138.6	1159.2	1222.9	1496.5	1092.3	1156.2	1181.6	1272.2	1433	1105.9	1045.2	1361.3	1066.4	1799.3	775.1	1939.8	442.4	272.8	1257.8	1279.8	1415.2	1067.5	1762.7	1167.7	1395.3	1337.2	1007.6	1129.3	1660.7	929	299	2039.4	1888.6	3777.8	3755.4	1178.6	1306.9	1342.1	1129.5	1168.7	1117	1051.1	1595.9	2778.8	1377
201829_at	2186.1	1270.2	1026.2	1904.2	2330.5	1343.7	1730.4	917	952.2	808.4	1038.4	1349.2	922.1	768.9	953.1	958.1	1034.9	864.9	1379.7	1123.3	1639.5	1935.6	1179.2	1867	1705.2	283.2	270.9	326.5	265.8	285.5	345.6	201	344.3	269.8	270.2	244.5	271.3	302.5	714.1	210.6	310.1	186.6	340.2	327.2	434.9	263.9	346.3	261.4	264.2	245.8	183.5	254.5	250.7	273.6	200.4	349.6	731.8	281.1	492.1	944.8	247.2	279.3	315.9	336.1	366.3	306.6	326.5	271.7	447.8	246.9
201257_x_at	53019.2	74662.5	67104.8	57279.8	64554.5	42082.9	58317	42499.2	51801.5	44077.3	61246.5	55468.3	65621.4	50027.8	33660.2	35318.7	55900.4	47300.4	75091.9	72865	96245.6	87033.8	63226.5	73618.1	73078.9	29326.8	35574.4	39728.6	26929.7	40816.8	38937.7	32659.8	31652.3	36819.8	30866.9	33052.3	36509.1	28154	31237.4	30955.5	25420.1	43788.3	36035.1	26096.6	24321.9	22886.5	23188.1	25566.6	23953.6	28417.6	23050.6	29145.9	29735.1	27865.6	42525.8	26440	27396.4	32531.6	27370.8	31791.8	25622.6	23331.8	30321	28247.2	28747.1	29259.6	30933.2	33617.8	31880.3	35142.4
200606_at	9452.9	27688.7	14877.9	9097.1	15464	21283	17025.5	10189.7	10997.2	747.7	16494.9	13063.4	14752	8190.3	14485.5	9921.4	8675.9	10324.9	14575	15369.3	12230	20228	16017	35022.2	14162.7	1512.9	125.1	35.7	18	122.8	99.5	18.7	127.2	186.6	149.1	26.2	46.9	122.1	3602.2	175.5	76.7	258.7	262.2	176.5	3603.8	191	170.4	72.3	123.3	202.1	132.5	91.7	169.6	110.2	148.5	81.9	7184.3	280.7	10837.4	9422.7	198.8	76.6	115.9	111.7	123.5	136.1	258.2	71	9838.8	86.8
202136_at	2740.3	2887.8	2748.1	3585.9	3126.1	2899.3	2993.3	2545.5	2811.3	2251.8	2462.6	3061.8	2332	2552	2506.8	2979.3	3124.9	2162.8	4623.1	2421.6	3060.7	3746.5	2041	3871.5	2464.2	1839.3	1490	1336.7	1972.5	1610.3	1488.7	1362.4	1313.6	1352	1372.6	1232	1570.9	1886.4	2395.7	1686.9	1110.7	1087	1707.3	1605.3	1775.5	1515.4	1599.4	1594.4	1556.7	1440.6	1314	1452.1	1824.8	1336.8	1914.8	1728.5	1482.1	1047	1520.6	2244.5	1027.1	1409.1	1102.6	1409	1612.9	1603	1553.7	1411	1499	1505.2
206539_s_at	961.5	1190.1	722.2	992.4	1247.2	694	890.1	667.2	838.1	37.4	946.2	669	1455	498.5	1180.1	760.3	800.8	502	848.3	408.9	1254.6	1000	1298.9	1601.8	1337.5	46.2	45.8	166.4	210	45.4	107.3	220.5	65.2	44.1	47.1	111.8	31.3	236.8	127.4	86.9	52	31.4	52.9	169.9	341.8	71.1	78.3	46.8	43	35.3	123.6	56.8	137.8	85.1	63.7	100.7	221.6	36.2	36.2	626.1	57.5	83.7	53.6	244.3	104.9	78.1	35.7	97.3	207.6	55.3
217906_at	3335.8	3657.6	3769.3	2954.9	2148.3	2053.1	1950.2	2026.1	1991.6	1930.6	2670.5	2312.9	1870.8	1616.3	1848.7	2307.6	1783.8	1892.5	3093.1	1768.8	1809	2532.5	1896.4	2552.4	1647.3	704.6	1020.8	1021.3	660.1	895.5	1023.6	711.1	662.6	586.3	655.2	632.7	684	567.7	1500.3	785.8	839.6	1486.6	1011.5	807.5	519.1	639.2	549.5	1027.6	1135.2	984.4	1055.2	1032	879.3	1411.6	1010.6	1241.8	1402.1	1383.1	1271.7	1496.6	886	919.1	805	763.8	798.7	539.8	537.2	574.8	948.5	890.6
218180_s_at	840.5	1515.5	857.3	794.9	922.2	1119.4	1120.8	706.6	724.1	229.6	900.6	745.1	1415	609.6	941.9	794.4	744.4	743.5	758.4	835.7	816.6	1477.8	1191.2	1397.3	716.1	49.8	19.8	51.8	67.9	52.1	170	30	57.1	79	82.4	224.9	53.6	31.2	215.4	171.6	17.6	40.4	150.7	41.6	316.8	111.4	137.2	127.8	63.7	148.2	38.1	59.3	101.3	97.3	777.2	375.1	423.3	55	520.7	499.3	134.9	84.3	39.6	245.5	115	94.1	33	65.9	390.5	35.9
